id,Slope,rep,Topo,Aspect,Scarification,cage,Eaten,Herbivory,Severity,seedpods,ph,ec,som,nitrogen,carbon,germ,death,flowerday,seedday,age,day.to.flower,day.to.seed,year,Caged,previous,daysseeding,decrain,janrain,febrain,marchrain,aprilrain,mayrain,totalrain,decsolar,avgdecsolar,jansolar,avgjansolar,febsolar,avgfebsolar,marchsolar,avgmarchsolar,aprilsolar,avgaprilsolar,maysolar,avgmaysolar,totalsolar,avgleafherb,totalleafherb,seedherb,totalseedherb,totalherb
278,gentle,3,South Gentle,south,unscarified,small,yes,1,mild,0,5.28,30.8,2.4095,0.02624376,0.6555965,3/28/2017,4/26/2017,NA,NA,29,NA,NA,2017,NA,NA,NA,NA,NA,NA,NA,NA,NA,NA,NA,NA,NA,NA,NA,NA,NA,NA,NA,NA,NA,NA,NA,NA,NA,NA,NA,NA
15,gentle,4,South Gentle,south,unscarified,big,no,0,none,0,5.88,19.75,2.295,0.079195345,1.0552516,2/16/2017,2/16/2017,NA,NA,0,NA,NA,2017,NA,NA,NA,NA,NA,NA,NA,NA,NA,NA,NA,NA,NA,NA,NA,NA,NA,NA,NA,NA,NA,NA,NA,NA,NA,NA,NA,NA
149,gentle,4,South Gentle,south,unscarified,small,no,0,none,0,5.465,33.75,2.375,0.0195615,0.5656115,2/16/2017,3/28/2017,NA,NA,40,NA,NA,2017,NA,NA,NA,NA,NA,NA,NA,NA,NA,NA,NA,NA,NA,NA,NA,NA,NA,NA,NA,NA,NA,NA,NA,NA,NA,NA,NA,NA
107,gentle,5,South Gentle,south,unscarified,big,no,0,none,0,5.555,23.95,1.2,0.02659348,0.5780991,2/16/2017,3/14/2017,NA,NA,26,NA,NA,2017,NA,NA,NA,NA,NA,NA,NA,NA,NA,NA,NA,NA,NA,NA,NA,NA,NA,NA,NA,NA,NA,NA,NA,NA,NA,NA,NA,NA
334,gentle,5,South Gentle,south,scarified,small,no,0,none,0,6.01,21.3,3.43,0.048114535,0.42993585,2/16/2017,3/28/2017,NA,NA,40,NA,NA,2017,NA,NA,NA,NA,NA,NA,NA,NA,NA,NA,NA,NA,NA,NA,NA,NA,NA,NA,NA,NA,NA,NA,NA,NA,NA,NA,NA,NA
73,ridge,1,No.aspect Ridge,no.aspect,scarified,small,yes,2,mild,233,6.2,30.65,3.104,0,0.69382165,2/16/2017,5/31/2017,3/14/2017,3/28/2017,104,26,40,2017,NA,NA,NA,NA,NA,NA,NA,NA,NA,NA,NA,NA,NA,NA,NA,NA,NA,NA,NA,NA,NA,NA,NA,NA,NA,NA,NA,NA
26,steep,1,North Steep,north,unscarified,big,yes,2,mild,117,6.145,21.75,5.545,0.044625775,0.7734109,2/16/2017,5/10/2017,3/14/2017,3/28/2017,83,26,40,2017,NA,NA,NA,NA,NA,NA,NA,NA,NA,NA,NA,NA,NA,NA,NA,NA,NA,NA,NA,NA,NA,NA,NA,NA,NA,NA,NA,NA
32,steep,1,North Steep,north,unscarified,big,yes,2,mild,128,6.145,21.75,5.545,0.044625775,0.7734109,2/16/2017,5/31/2017,3/14/2017,3/28/2017,104,26,40,2017,NA,NA,NA,NA,NA,NA,NA,NA,NA,NA,NA,NA,NA,NA,NA,NA,NA,NA,NA,NA,NA,NA,NA,NA,NA,NA,NA,NA
39,steep,1,North Steep,north,unscarified,big,no,0,none,0,6.145,21.75,5.545,0.044625775,0.7734109,3/14/2017,4/26/2017,NA,NA,43,NA,NA,2017,NA,NA,NA,NA,NA,NA,NA,NA,NA,NA,NA,NA,NA,NA,NA,NA,NA,NA,NA,NA,NA,NA,NA,NA,NA,NA,NA,NA
180,steep,1,North Steep,north,scarified,big,no,0,none,0,6.145,21.75,5.545,0.044625775,0.7734109,2/16/2017,2/16/2017,NA,NA,0,NA,NA,2017,NA,NA,NA,NA,NA,NA,NA,NA,NA,NA,NA,NA,NA,NA,NA,NA,NA,NA,NA,NA,NA,NA,NA,NA,NA,NA,NA,NA
265,steep,1,North Steep,north,unscarified,big,no,0,none,0,6.145,21.75,5.545,0.044625775,0.7734109,2/16/2017,2/16/2017,NA,NA,0,NA,NA,2017,NA,NA,NA,NA,NA,NA,NA,NA,NA,NA,NA,NA,NA,NA,NA,NA,NA,NA,NA,NA,NA,NA,NA,NA,NA,NA,NA,NA
63,steep,1,North Steep,north,unscarified,none,no,4,severe,0,6.29,15.95,2.665,0.03640489,0.2277488,3/14/2017,4/12/2017,NA,NA,29,NA,NA,2017,NA,NA,NA,NA,NA,NA,NA,NA,NA,NA,NA,NA,NA,NA,NA,NA,NA,NA,NA,NA,NA,NA,NA,NA,NA,NA,NA,NA
21,steep,1,North Steep,north,scarified,small,yes,3,severe,62,5.51,29.55,7.945,0.031090675,0.57696615,2/16/2017,5/31/2017,3/28/2017,4/12/2017,104,40,55,2017,NA,NA,NA,NA,NA,NA,NA,NA,NA,NA,NA,NA,NA,NA,NA,NA,NA,NA,NA,NA,NA,NA,NA,NA,NA,NA,NA,NA
28,steep,1,North Steep,north,unscarified,small,yes,1,mild,5,5.51,29.55,7.945,0.031090675,0.57696615,2/16/2017,5/10/2017,4/12/2017,4/26/2017,83,55,69,2017,NA,NA,NA,NA,NA,NA,NA,NA,NA,NA,NA,NA,NA,NA,NA,NA,NA,NA,NA,NA,NA,NA,NA,NA,NA,NA,NA,NA
74,steep,1,North Steep,north,scarified,small,yes,3,severe,42,5.51,29.55,7.945,0.031090675,0.57696615,2/16/2017,5/31/2017,4/26/2017,4/26/2017,104,69,69,2017,NA,NA,NA,NA,NA,NA,NA,NA,NA,NA,NA,NA,NA,NA,NA,NA,NA,NA,NA,NA,NA,NA,NA,NA,NA,NA,NA,NA
150,steep,1,North Steep,north,scarified,small,yes,1,mild,166,5.51,29.55,7.945,0.031090675,0.57696615,3/14/2017,5/31/2017,3/14/2017,3/28/2017,78,0,14,2017,NA,NA,NA,NA,NA,NA,NA,NA,NA,NA,NA,NA,NA,NA,NA,NA,NA,NA,NA,NA,NA,NA,NA,NA,NA,NA,NA,NA
212,steep,1,North Steep,north,unscarified,small,no,0,none,0,5.51,29.55,7.945,0.031090675,0.57696615,2/16/2017,3/14/2017,NA,NA,26,NA,NA,2017,NA,NA,NA,NA,NA,NA,NA,NA,NA,NA,NA,NA,NA,NA,NA,NA,NA,NA,NA,NA,NA,NA,NA,NA,NA,NA,NA,NA
225,steep,1,North Steep,north,unscarified,small,no,0,none,19,5.51,29.55,7.945,0.031090675,0.57696615,2/16/2017,4/26/2017,3/14/2017,3/28/2017,69,26,40,2017,NA,NA,NA,NA,NA,NA,NA,NA,NA,NA,NA,NA,NA,NA,NA,NA,NA,NA,NA,NA,NA,NA,NA,NA,NA,NA,NA,NA
236,steep,1,North Steep,north,unscarified,small,yes,2,mild,256,5.51,29.55,7.945,0.031090675,0.57696615,3/14/2017,5/10/2017,4/26/2017,4/26/2017,57,43,43,2017,NA,NA,NA,NA,NA,NA,NA,NA,NA,NA,NA,NA,NA,NA,NA,NA,NA,NA,NA,NA,NA,NA,NA,NA,NA,NA,NA,NA
266,steep,1,North Steep,north,unscarified,small,yes,2,mild,251,5.51,29.55,7.945,0.031090675,0.57696615,3/14/2017,5/31/2017,4/12/2017,4/12/2017,78,29,29,2017,NA,NA,NA,NA,NA,NA,NA,NA,NA,NA,NA,NA,NA,NA,NA,NA,NA,NA,NA,NA,NA,NA,NA,NA,NA,NA,NA,NA
280,steep,1,North Steep,north,unscarified,small,yes,2,mild,14,5.51,29.55,7.945,0.031090675,0.57696615,2/16/2017,5/10/2017,4/12/2017,4/12/2017,83,55,55,2017,NA,NA,NA,NA,NA,NA,NA,NA,NA,NA,NA,NA,NA,NA,NA,NA,NA,NA,NA,NA,NA,NA,NA,NA,NA,NA,NA,NA
333,steep,1,North Steep,north,unscarified,small,yes,1,mild,7,5.51,29.55,7.945,0.031090675,0.57696615,2/16/2017,5/10/2017,4/12/2017,4/12/2017,83,55,55,2017,NA,NA,NA,NA,NA,NA,NA,NA,NA,NA,NA,NA,NA,NA,NA,NA,NA,NA,NA,NA,NA,NA,NA,NA,NA,NA,NA,NA
76,steep,2,North Steep,north,unscarified,big,yes,4,severe,0,5.385,37.85,7.11,0,0.7806928,2/16/2017,4/26/2017,NA,NA,69,NA,NA,2017,NA,NA,NA,NA,NA,NA,NA,NA,NA,NA,NA,NA,NA,NA,NA,NA,NA,NA,NA,NA,NA,NA,NA,NA,NA,NA,NA,NA
137,steep,2,North Steep,north,unscarified,big,yes,1,mild,25,5.385,37.85,7.11,0,0.7806928,2/16/2017,4/26/2017,3/14/2017,3/28/2017,69,26,40,2017,NA,NA,NA,NA,NA,NA,NA,NA,NA,NA,NA,NA,NA,NA,NA,NA,NA,NA,NA,NA,NA,NA,NA,NA,NA,NA,NA,NA
146,steep,2,North Steep,north,unscarified,big,yes,1,mild,16,5.385,37.85,7.11,0,0.7806928,2/16/2017,4/26/2017,3/28/2017,4/12/2017,69,40,55,2017,NA,NA,NA,NA,NA,NA,NA,NA,NA,NA,NA,NA,NA,NA,NA,NA,NA,NA,NA,NA,NA,NA,NA,NA,NA,NA,NA,NA
164,steep,2,North Steep,north,unscarified,big,no,0,none,0,5.385,37.85,7.11,0,0.7806928,2/16/2017,3/28/2017,NA,NA,40,NA,NA,2017,NA,NA,NA,NA,NA,NA,NA,NA,NA,NA,NA,NA,NA,NA,NA,NA,NA,NA,NA,NA,NA,NA,NA,NA,NA,NA,NA,NA
175,steep,2,North Steep,north,unscarified,big,no,0,none,0,5.385,37.85,7.11,0,0.7806928,4/12/2017,4/26/2017,4/12/2017,NA,14,0,NA,2017,NA,NA,NA,NA,NA,NA,NA,NA,NA,NA,NA,NA,NA,NA,NA,NA,NA,NA,NA,NA,NA,NA,NA,NA,NA,NA,NA,NA
217,steep,2,North Steep,north,unscarified,big,no,0,none,0,5.385,37.85,7.11,0,0.7806928,2/16/2017,3/14/2017,NA,NA,26,NA,NA,2017,NA,NA,NA,NA,NA,NA,NA,NA,NA,NA,NA,NA,NA,NA,NA,NA,NA,NA,NA,NA,NA,NA,NA,NA,NA,NA,NA,NA
171,steep,2,North Steep,north,unscarified,small,yes,2,mild,105,5.625,37.95,8.635,0,1.266846,2/16/2017,6/14/2017,3/14/2017,4/26/2017,118,26,69,2017,NA,NA,NA,NA,NA,NA,NA,NA,NA,NA,NA,NA,NA,NA,NA,NA,NA,NA,NA,NA,NA,NA,NA,NA,NA,NA,NA,NA
237,steep,2,North Steep,north,unscarified,small,yes,3,severe,4,5.625,37.95,8.635,0,1.266846,2/16/2017,4/26/2017,3/14/2017,4/12/2017,69,26,55,2017,NA,NA,NA,NA,NA,NA,NA,NA,NA,NA,NA,NA,NA,NA,NA,NA,NA,NA,NA,NA,NA,NA,NA,NA,NA,NA,NA,NA
111,steep,3,North Steep,north,unscarified,big,yes,3,severe,38,5.57,38.7,6.995,0.06428302,0.8171943,2/16/2017,6/14/2017,4/26/2017,4/26/2017,118,69,69,2017,NA,NA,NA,NA,NA,NA,NA,NA,NA,NA,NA,NA,NA,NA,NA,NA,NA,NA,NA,NA,NA,NA,NA,NA,NA,NA,NA,NA
119,steep,3,North Steep,north,scarified,big,no,0,none,0,5.57,38.7,6.995,0.06428302,0.8171943,2/16/2017,4/26/2017,NA,NA,69,NA,NA,2017,NA,NA,NA,NA,NA,NA,NA,NA,NA,NA,NA,NA,NA,NA,NA,NA,NA,NA,NA,NA,NA,NA,NA,NA,NA,NA,NA,NA
219,steep,3,North Steep,north,scarified,big,yes,2,mild,5,5.57,38.7,6.995,0.06428302,0.8171943,3/14/2017,4/12/2017,NA,NA,29,NA,NA,2017,NA,NA,NA,NA,NA,NA,NA,NA,NA,NA,NA,NA,NA,NA,NA,NA,NA,NA,NA,NA,NA,NA,NA,NA,NA,NA,NA,NA
213,steep,1,Small Steep,small,unscarified,small,no,0,none,0,6.345,11.7,2.396,0.026917945,0.2678505,2/16/2017,4/12/2017,NA,NA,55,NA,NA,2017,NA,NA,NA,NA,NA,NA,NA,NA,NA,NA,NA,NA,NA,NA,NA,NA,NA,NA,NA,NA,NA,NA,NA,NA,NA,NA,NA,NA
70,steep,3,South Steep,south,unscarified,big,yes,3,severe,0,5.74,31.4,1.818,0.03967767,0.6011692,2/16/2017,4/26/2017,NA,NA,69,NA,NA,2017,NA,NA,NA,NA,NA,NA,NA,NA,NA,NA,NA,NA,NA,NA,NA,NA,NA,NA,NA,NA,NA,NA,NA,NA,NA,NA,NA,NA
141,steep,3,South Steep,south,unscarified,big,yes,3,severe,0,5.74,31.4,1.818,0.03967767,0.6011692,2/16/2017,4/26/2017,NA,NA,69,NA,NA,2017,NA,NA,NA,NA,NA,NA,NA,NA,NA,NA,NA,NA,NA,NA,NA,NA,NA,NA,NA,NA,NA,NA,NA,NA,NA,NA,NA,NA
322,steep,4,South Steep,south,unscarified,big,yes,1,mild,26,5.99,32.8,2.95,0.039004985,0.5322551,2/16/2017,4/26/2017,3/14/2017,3/28/2017,69,26,40,2017,NA,NA,NA,NA,NA,NA,NA,NA,NA,NA,NA,NA,NA,NA,NA,NA,NA,NA,NA,NA,NA,NA,NA,NA,NA,NA,NA,NA
262,steep,4,South Steep,south,unscarified,small,yes,1,mild,41,6.335,66.35,3.31,0.052005475,0.3698053,2/16/2017,4/26/2017,3/14/2017,3/14/2017,69,26,26,2017,NA,NA,NA,NA,NA,NA,NA,NA,NA,NA,NA,NA,NA,NA,NA,NA,NA,NA,NA,NA,NA,NA,NA,NA,NA,NA,NA,NA
72,steep,5,South Steep,south,unscarified,big,yes,2,mild,135,6.45,34.05,2.84,0.05428337,0.62390005,2/16/2017,5/31/2017,3/28/2017,4/12/2017,104,40,55,2017,NA,NA,NA,NA,NA,NA,NA,NA,NA,NA,NA,NA,NA,NA,NA,NA,NA,NA,NA,NA,NA,NA,NA,NA,NA,NA,NA,NA
331,steep,5,South Steep,south,unscarified,big,yes,2,mild,0,6.45,34.05,2.84,0.05428337,0.62390005,2/16/2017,5/10/2017,4/26/2017,NA,83,69,NA,2017,NA,NA,NA,NA,NA,NA,NA,NA,NA,NA,NA,NA,NA,NA,NA,NA,NA,NA,NA,NA,NA,NA,NA,NA,NA,NA,NA,NA
101,steep,6,South Steep,south,unscarified,big,no,0,none,0,6.295,26.9,3.415,0.04098806,0.29874805,2/16/2017,4/26/2017,NA,NA,69,NA,NA,2017,NA,NA,NA,NA,NA,NA,NA,NA,NA,NA,NA,NA,NA,NA,NA,NA,NA,NA,NA,NA,NA,NA,NA,NA,NA,NA,NA,NA
282,steep,6,South Steep,south,unscarified,big,yes,2,mild,113,6.295,26.9,3.415,0.04098806,0.29874805,2/16/2017,4/26/2017,3/14/2017,3/28/2017,69,26,40,2017,NA,NA,NA,NA,NA,NA,NA,NA,NA,NA,NA,NA,NA,NA,NA,NA,NA,NA,NA,NA,NA,NA,NA,NA,NA,NA,NA,NA
29,swale,2,No.aspect Swale,no.aspect,scarified,big,no,0,none,0,6.465,23.7,1.915,0.04445328,0.3876331,2/16/2017,3/28/2017,NA,NA,40,NA,NA,2017,NA,NA,NA,NA,NA,NA,NA,NA,NA,NA,NA,NA,NA,NA,NA,NA,NA,NA,NA,NA,NA,NA,NA,NA,NA,NA,NA,NA
71,swale,3,No.aspect Swale,no.aspect,scarified,big,yes,3,severe,30,5.855,23.5,1.3555,0.01921891,0.5112983,2/16/2017,5/10/2017,3/28/2017,4/12/2017,83,40,55,2017,NA,NA,NA,NA,NA,NA,NA,NA,NA,NA,NA,NA,NA,NA,NA,NA,NA,NA,NA,NA,NA,NA,NA,NA,NA,NA,NA,NA
100,swale,3,No.aspect Swale,no.aspect,scarified,big,yes,3,severe,54,5.855,23.5,1.3555,0.01921891,0.5112983,2/16/2017,5/10/2017,3/14/2017,3/28/2017,83,26,40,2017,NA,NA,NA,NA,NA,NA,NA,NA,NA,NA,NA,NA,NA,NA,NA,NA,NA,NA,NA,NA,NA,NA,NA,NA,NA,NA,NA,NA
196,swale,3,No.aspect Swale,no.aspect,scarified,big,no,0,none,0,5.855,23.5,1.3555,0.01921891,0.5112983,2/16/2017,3/28/2017,NA,NA,40,NA,NA,2017,NA,NA,NA,NA,NA,NA,NA,NA,NA,NA,NA,NA,NA,NA,NA,NA,NA,NA,NA,NA,NA,NA,NA,NA,NA,NA,NA,NA
227,swale,3,No.aspect Swale,no.aspect,unscarified,big,no,0,none,5,5.855,23.5,1.3555,0.01921891,0.5112983,2/16/2017,5/10/2017,4/26/2017,4/26/2017,83,69,69,2017,NA,NA,NA,NA,NA,NA,NA,NA,NA,NA,NA,NA,NA,NA,NA,NA,NA,NA,NA,NA,NA,NA,NA,NA,NA,NA,NA,NA
252,swale,3,No.aspect Swale,no.aspect,unscarified,big,yes,3,severe,0,5.855,23.5,1.3555,0.01921891,0.5112983,3/28/2017,5/31/2017,4/26/2017,NA,64,29,NA,2017,NA,NA,NA,NA,NA,NA,NA,NA,NA,NA,NA,NA,NA,NA,NA,NA,NA,NA,NA,NA,NA,NA,NA,NA,NA,NA,NA,NA
313,swale,3,No.aspect Swale,no.aspect,scarified,big,yes,3,severe,0,5.855,23.5,1.3555,0.01921891,0.5112983,2/16/2017,4/26/2017,NA,NA,69,NA,NA,2017,NA,NA,NA,NA,NA,NA,NA,NA,NA,NA,NA,NA,NA,NA,NA,NA,NA,NA,NA,NA,NA,NA,NA,NA,NA,NA,NA,NA
37,swale,3,No.aspect Swale,no.aspect,unscarified,small,yes,1,mild,27,6.3,14,3.81,0.058379525,0.5739372,2/16/2017,5/31/2017,3/28/2017,4/12/2017,104,40,55,2017,NA,NA,NA,NA,NA,NA,NA,NA,NA,NA,NA,NA,NA,NA,NA,NA,NA,NA,NA,NA,NA,NA,NA,NA,NA,NA,NA,NA
83,swale,3,No.aspect Swale,no.aspect,unscarified,small,yes,3,severe,5,6.3,14,3.81,0.058379525,0.5739372,2/16/2017,5/31/2017,4/26/2017,4/26/2017,104,69,69,2017,NA,NA,NA,NA,NA,NA,NA,NA,NA,NA,NA,NA,NA,NA,NA,NA,NA,NA,NA,NA,NA,NA,NA,NA,NA,NA,NA,NA
133,swale,3,No.aspect Swale,no.aspect,scarified,small,no,0,none,0,6.3,14,3.81,0.058379525,0.5739372,2/16/2017,3/28/2017,NA,NA,40,NA,NA,2017,NA,NA,NA,NA,NA,NA,NA,NA,NA,NA,NA,NA,NA,NA,NA,NA,NA,NA,NA,NA,NA,NA,NA,NA,NA,NA,NA,NA
159,swale,3,No.aspect Swale,no.aspect,scarified,small,yes,0,none,0,6.3,14,3.81,0.058379525,0.5739372,2/16/2017,3/28/2017,NA,NA,40,NA,NA,2017,NA,NA,NA,NA,NA,NA,NA,NA,NA,NA,NA,NA,NA,NA,NA,NA,NA,NA,NA,NA,NA,NA,NA,NA,NA,NA,NA,NA
169,swale,3,No.aspect Swale,no.aspect,unscarified,small,no,0,none,4,6.3,14,3.81,0.058379525,0.5739372,2/16/2017,4/26/2017,3/28/2017,4/12/2017,69,40,55,2017,NA,NA,NA,NA,NA,NA,NA,NA,NA,NA,NA,NA,NA,NA,NA,NA,NA,NA,NA,NA,NA,NA,NA,NA,NA,NA,NA,NA
186,swale,3,No.aspect Swale,no.aspect,scarified,small,no,0,none,2,6.3,14,3.81,0.058379525,0.5739372,NA,NA,NA,NA,0,0,NA,2017,NA,NA,NA,NA,NA,NA,NA,NA,NA,NA,NA,NA,NA,NA,NA,NA,NA,NA,NA,NA,NA,NA,NA,NA,NA,NA,NA,NA
187,swale,3,No.aspect Swale,no.aspect,unscarified,small,yes,2,mild,34,6.3,14,3.81,0.058379525,0.5739372,2/16/2017,5/10/2017,3/14/2017,3/28/2017,83,26,40,2017,NA,NA,NA,NA,NA,NA,NA,NA,NA,NA,NA,NA,NA,NA,NA,NA,NA,NA,NA,NA,NA,NA,NA,NA,NA,NA,NA,NA
195,swale,3,No.aspect Swale,no.aspect,scarified,small,no,0,none,0,6.3,14,3.81,0.058379525,0.5739372,2/16/2017,3/14/2017,NA,NA,26,NA,NA,2017,NA,NA,NA,NA,NA,NA,NA,NA,NA,NA,NA,NA,NA,NA,NA,NA,NA,NA,NA,NA,NA,NA,NA,NA,NA,NA,NA,NA
201,swale,3,No.aspect Swale,no.aspect,scarified,small,yes,3,severe,6,6.3,14,3.81,0.058379525,0.5739372,2/16/2017,5/10/2017,3/28/2017,4/12/2017,83,40,55,2017,NA,NA,NA,NA,NA,NA,NA,NA,NA,NA,NA,NA,NA,NA,NA,NA,NA,NA,NA,NA,NA,NA,NA,NA,NA,NA,NA,NA
211,swale,3,No.aspect Swale,no.aspect,unscarified,small,no,0,none,0,6.3,14,3.81,0.058379525,0.5739372,2/16/2017,3/14/2017,NA,NA,26,NA,NA,2017,NA,NA,NA,NA,NA,NA,NA,NA,NA,NA,NA,NA,NA,NA,NA,NA,NA,NA,NA,NA,NA,NA,NA,NA,NA,NA,NA,NA
251,swale,3,No.aspect Swale,no.aspect,unscarified,small,no,0,none,0,6.3,14,3.81,0.058379525,0.5739372,2/16/2017,3/28/2017,NA,NA,40,NA,NA,2017,NA,NA,NA,NA,NA,NA,NA,NA,NA,NA,NA,NA,NA,NA,NA,NA,NA,NA,NA,NA,NA,NA,NA,NA,NA,NA,NA,NA
253,swale,3,No.aspect Swale,no.aspect,unscarified,small,yes,3,severe,11,6.3,14,3.81,0.058379525,0.5739372,2/16/2017,5/31/2017,4/12/2017,4/12/2017,104,55,55,2017,NA,NA,NA,NA,NA,NA,NA,NA,NA,NA,NA,NA,NA,NA,NA,NA,NA,NA,NA,NA,NA,NA,NA,NA,NA,NA,NA,NA
273,swale,3,No.aspect Swale,no.aspect,scarified,small,no,0,none,0,6.3,14,3.81,0.058379525,0.5739372,2/16/2017,3/28/2017,NA,NA,40,NA,NA,2017,NA,NA,NA,NA,NA,NA,NA,NA,NA,NA,NA,NA,NA,NA,NA,NA,NA,NA,NA,NA,NA,NA,NA,NA,NA,NA,NA,NA
281,swale,3,No.aspect Swale,no.aspect,scarified,small,yes,2,mild,9,6.3,14,3.81,0.058379525,0.5739372,2/16/2017,5/31/2017,4/26/2017,5/10/2017,104,69,83,2017,NA,NA,NA,NA,NA,NA,NA,NA,NA,NA,NA,NA,NA,NA,NA,NA,NA,NA,NA,NA,NA,NA,NA,NA,NA,NA,NA,NA
245,swale,4,No.aspect Swale,no.aspect,unscarified,big,no,0,none,0,6.38,28.1,2.07,0.055314835,0.5421546,2/16/2017,3/28/2017,NA,NA,40,NA,NA,2017,NA,NA,NA,NA,NA,NA,NA,NA,NA,NA,NA,NA,NA,NA,NA,NA,NA,NA,NA,NA,NA,NA,NA,NA,NA,NA,NA,NA
49,swale,4,No.aspect Swale,no.aspect,unscarified,small,yes,3,severe,68,6.69,35.1,2.915,0.061559985,0.54151915,2/16/2017,5/10/2017,3/28/2017,3/28/2017,83,40,40,2017,NA,NA,NA,NA,NA,NA,NA,NA,NA,NA,NA,NA,NA,NA,NA,NA,NA,NA,NA,NA,NA,NA,NA,NA,NA,NA,NA,NA
284,swale,5,No.aspect Swale,no.aspect,unscarified,big,yes,4,severe,3,6.25,26.75,4.731,0.0408588,1.25105595,2/16/2017,6/14/2017,4/26/2017,5/31/2017,118,69,104,2017,NA,NA,NA,NA,NA,NA,NA,NA,NA,NA,NA,NA,NA,NA,NA,NA,NA,NA,NA,NA,NA,NA,NA,NA,NA,NA,NA,NA
30,swale,5,No.aspect Swale,no.aspect,scarified,small,yes,2,mild,113,6.775,20.75,2.575,0.052427105,0.468903,2/16/2017,5/10/2017,3/14/2017,3/28/2017,83,26,40,2017,NA,NA,NA,NA,NA,NA,NA,NA,NA,NA,NA,NA,NA,NA,NA,NA,NA,NA,NA,NA,NA,NA,NA,NA,NA,NA,NA,NA
38,swale,5,No.aspect Swale,no.aspect,scarified,small,yes,3,severe,1,6.775,20.75,2.575,0.052427105,0.468903,3/14/2017,5/31/2017,5/10/2017,5/31/2017,78,57,78,2017,NA,NA,NA,NA,NA,NA,NA,NA,NA,NA,NA,NA,NA,NA,NA,NA,NA,NA,NA,NA,NA,NA,NA,NA,NA,NA,NA,NA
59,swale,5,No.aspect Swale,no.aspect,unscarified,small,yes,1,mild,2,6.775,20.75,2.575,0.052427105,0.468903,4/12/2017,5/31/2017,4/26/2017,5/31/2017,49,14,49,2017,NA,NA,NA,NA,NA,NA,NA,NA,NA,NA,NA,NA,NA,NA,NA,NA,NA,NA,NA,NA,NA,NA,NA,NA,NA,NA,NA,NA
81,swale,5,No.aspect Swale,no.aspect,scarified,small,no,0,none,0,6.775,20.75,2.575,0.052427105,0.468903,2/16/2017,3/28/2017,NA,NA,40,NA,NA,2017,NA,NA,NA,NA,NA,NA,NA,NA,NA,NA,NA,NA,NA,NA,NA,NA,NA,NA,NA,NA,NA,NA,NA,NA,NA,NA,NA,NA
91,swale,5,No.aspect Swale,no.aspect,scarified,small,yes,1,mild,136,6.775,20.75,2.575,0.052427105,0.468903,2/16/2017,5/31/2017,4/12/2017,4/12/2017,104,55,55,2017,NA,NA,NA,NA,NA,NA,NA,NA,NA,NA,NA,NA,NA,NA,NA,NA,NA,NA,NA,NA,NA,NA,NA,NA,NA,NA,NA,NA
191,swale,5,No.aspect Swale,no.aspect,scarified,small,yes,1,mild,51,6.775,20.75,2.575,0.052427105,0.468903,2/16/2017,5/10/2017,4/12/2017,4/12/2017,83,55,55,2017,NA,NA,NA,NA,NA,NA,NA,NA,NA,NA,NA,NA,NA,NA,NA,NA,NA,NA,NA,NA,NA,NA,NA,NA,NA,NA,NA,NA
210,swale,5,No.aspect Swale,no.aspect,scarified,small,yes,2,mild,0,6.775,20.75,2.575,0.052427105,0.468903,3/14/2017,5/31/2017,4/26/2017,NA,78,43,NA,2017,NA,NA,NA,NA,NA,NA,NA,NA,NA,NA,NA,NA,NA,NA,NA,NA,NA,NA,NA,NA,NA,NA,NA,NA,NA,NA,NA,NA
230,swale,5,No.aspect Swale,no.aspect,unscarified,small,no,0,none,19,6.775,20.75,2.575,0.052427105,0.468903,2/16/2017,5/10/2017,3/14/2017,3/28/2017,83,26,40,2017,NA,NA,NA,NA,NA,NA,NA,NA,NA,NA,NA,NA,NA,NA,NA,NA,NA,NA,NA,NA,NA,NA,NA,NA,NA,NA,NA,NA
250,swale,5,No.aspect Swale,no.aspect,scarified,small,no,0,none,0,6.775,20.75,2.575,0.052427105,0.468903,2/16/2017,4/26/2017,NA,NA,69,NA,NA,2017,NA,NA,NA,NA,NA,NA,NA,NA,NA,NA,NA,NA,NA,NA,NA,NA,NA,NA,NA,NA,NA,NA,NA,NA,NA,NA,NA,NA
270,swale,5,No.aspect Swale,no.aspect,scarified,small,yes,2,mild,91,6.775,20.75,2.575,0.052427105,0.468903,2/16/2017,5/31/2017,4/12/2017,4/12/2017,104,55,55,2017,NA,NA,NA,NA,NA,NA,NA,NA,NA,NA,NA,NA,NA,NA,NA,NA,NA,NA,NA,NA,NA,NA,NA,NA,NA,NA,NA,NA
275,swale,5,No.aspect Swale,no.aspect,scarified,small,yes,2,mild,1,6.775,20.75,2.575,0.052427105,0.468903,4/12/2017,5/10/2017,4/26/2017,4/26/2017,28,14,14,2017,NA,NA,NA,NA,NA,NA,NA,NA,NA,NA,NA,NA,NA,NA,NA,NA,NA,NA,NA,NA,NA,NA,NA,NA,NA,NA,NA,NA
310,swale,5,No.aspect Swale,no.aspect,scarified,small,yes,2,mild,110,6.775,20.75,2.575,0.052427105,0.468903,2/16/2017,5/31/2017,4/12/2017,4/26/2017,104,55,69,2017,NA,NA,NA,NA,NA,NA,NA,NA,NA,NA,NA,NA,NA,NA,NA,NA,NA,NA,NA,NA,NA,NA,NA,NA,NA,NA,NA,NA
311,swale,5,No.aspect Swale,no.aspect,scarified,small,yes,2,mild,8,6.775,20.75,2.575,0.052427105,0.468903,2/16/2017,5/10/2017,3/14/2017,3/28/2017,83,26,40,2017,NA,NA,NA,NA,NA,NA,NA,NA,NA,NA,NA,NA,NA,NA,NA,NA,NA,NA,NA,NA,NA,NA,NA,NA,NA,NA,NA,NA
1,swale,3,No.aspect Swale,no aspect,scarified,big,yes,2,severe,3,NA,NA,NA,NA,NA,1/20/2018,5/20/2018,3/18/2018,5/5/2018,120,57,105,2018,yes,yes,15,4.677,81.951,8.286,117.28,19.292,16.755,248.241,3536,114.1,3627,117,4280,152.9,4548,146.7,7304,243.5,7807,251.8,31102,NA,NA,NA,NA,NA
2,swale,3,No.aspect Swale,no aspect,unscarified,big,no,0,none,0,NA,NA,NA,NA,NA,1/20/2018,4/15/2018,NA,NA,85,NA,NA,2018,yes,yes,NA,4.677,81.951,8.286,117.28,19.292,16.755,248.241,3536,114.1,3627,117,4280,152.9,4548,146.7,7304,243.5,7807,251.8,31102,NA,NA,NA,NA,NA
3,swale,3,No.aspect Swale,no aspect,scarified,big,no,0,none,0,NA,NA,NA,NA,NA,1/20/2018,2/18/2018,NA,NA,29,NA,NA,2018,yes,yes,NA,4.677,81.951,8.286,117.28,19.292,16.755,248.241,3536,114.1,3627,117,4280,152.9,4548,146.7,7304,243.5,7807,251.8,31102,NA,NA,NA,NA,NA
4,swale,3,No.aspect Swale,no aspect,scarified,small,no,0,none,0,NA,NA,NA,NA,NA,1/20/2018,2/18/2018,NA,NA,29,NA,NA,2018,yes,yes,NA,4.677,81.951,8.286,117.28,19.292,16.755,248.241,3536,114.1,3627,117,4280,152.9,4548,146.7,7304,243.5,7807,251.8,31102,NA,NA,NA,NA,NA
5,swale,3,No.aspect Swale,no aspect,scarified,small,no,0,none,0,NA,NA,NA,NA,NA,1/20/2018,5/20/2018,5/5/2018,NA,120,105,NA,2018,yes,yes,NA,4.677,81.951,8.286,117.28,19.292,16.755,248.241,3536,114.1,3627,117,4280,152.9,4548,146.7,7304,243.5,7807,251.8,31102,NA,NA,NA,NA,NA
6,swale,3,No.aspect Swale,no aspect,unscarified,small,no,0,none,0,NA,NA,NA,NA,NA,1/20/2018,2/18/2018,NA,NA,29,NA,NA,2018,yes,yes,NA,4.677,81.951,8.286,117.28,19.292,16.755,248.241,3536,114.1,3627,117,4280,152.9,4548,146.7,7304,243.5,7807,251.8,31102,NA,NA,NA,NA,NA
7,swale,3,No.aspect Swale,no aspect,unscarified,small,no,0,none,0,NA,NA,NA,NA,NA,1/20/2018,2/18/2018,NA,NA,29,NA,NA,2018,yes,yes,NA,4.677,81.951,8.286,117.28,19.292,16.755,248.241,3536,114.1,3627,117,4280,152.9,4548,146.7,7304,243.5,7807,251.8,31102,NA,NA,NA,NA,NA
8,swale,3,No.aspect Swale,no aspect,unscarified,small,no,0,none,0,NA,NA,NA,NA,NA,1/20/2018,3/4/2018,NA,NA,43,NA,NA,2018,yes,yes,NA,4.677,81.951,8.286,117.28,19.292,16.755,248.241,3536,114.1,3627,117,4280,152.9,4548,146.7,7304,243.5,7807,251.8,31102,NA,NA,NA,NA,NA
9,swale,3,No.aspect Swale,no aspect,unscarified,small,no,0,none,0,NA,NA,NA,NA,NA,1/20/2018,3/4/2018,NA,NA,43,NA,NA,2018,yes,yes,NA,4.677,81.951,8.286,117.28,19.292,16.755,248.241,3536,114.1,3627,117,4280,152.9,4548,146.7,7304,243.5,7807,251.8,31102,NA,NA,NA,NA,NA
10,swale,3,No.aspect Swale,no aspect,unscarified,small,no,0,none,0,NA,NA,NA,NA,NA,1/20/2018,2/18/2018,NA,NA,29,NA,NA,2018,yes,yes,NA,4.677,81.951,8.286,117.28,19.292,16.755,248.241,3536,114.1,3627,117,4280,152.9,4548,146.7,7304,243.5,7807,251.8,31102,NA,NA,NA,NA,NA
11,swale,3,No.aspect Swale,no aspect,scarified,small,no,0,none,0,NA,NA,NA,NA,NA,1/20/2018,2/18/2018,NA,NA,29,NA,NA,2018,yes,yes,NA,4.677,81.951,8.286,117.28,19.292,16.755,248.241,3536,114.1,3627,117,4280,152.9,4548,146.7,7304,243.5,7807,251.8,31102,NA,NA,NA,NA,NA
12,swale,3,No.aspect Swale,no aspect,unscarified,small,no,0,none,0,NA,NA,NA,NA,NA,1/20/2018,4/15/2018,NA,NA,85,NA,NA,2018,yes,yes,NA,4.677,81.951,8.286,117.28,19.292,16.755,248.241,3536,114.1,3627,117,4280,152.9,4548,146.7,7304,243.5,7807,251.8,31102,NA,NA,NA,NA,NA
13,swale,3,No.aspect Swale,no aspect,unscarified,small,no,0,none,0,NA,NA,NA,NA,NA,1/20/2018,2/18/2018,NA,NA,29,NA,NA,2018,yes,yes,NA,4.677,81.951,8.286,117.28,19.292,16.755,248.241,3536,114.1,3627,117,4280,152.9,4548,146.7,7304,243.5,7807,251.8,31102,NA,NA,NA,NA,NA
14,swale,3,No.aspect Swale,no aspect,unscarified,small,no,0,none,0,NA,NA,NA,NA,NA,1/20/2018,2/18/2018,NA,NA,29,NA,NA,2018,yes,yes,NA,4.677,81.951,8.286,117.28,19.292,16.755,248.241,3536,114.1,3627,117,4280,152.9,4548,146.7,7304,243.5,7807,251.8,31102,NA,NA,NA,NA,NA
15,swale,3,No.aspect Swale,no aspect,unscarified,small,no,0,none,0,NA,NA,NA,NA,NA,1/20/2018,2/18/2018,NA,NA,29,NA,NA,2018,yes,yes,NA,4.677,81.951,8.286,117.28,19.292,16.755,248.241,3536,114.1,3627,117,4280,152.9,4548,146.7,7304,243.5,7807,251.8,31102,NA,NA,NA,NA,NA
16,swale,3,No.aspect Swale,no aspect,unscarified,small,no,0,none,0,NA,NA,NA,NA,NA,1/20/2018,2/18/2018,NA,NA,29,NA,NA,2018,yes,yes,NA,4.677,81.951,8.286,117.28,19.292,16.755,248.241,3536,114.1,3627,117,4280,152.9,4548,146.7,7304,243.5,7807,251.8,31102,NA,NA,NA,NA,NA
17,swale,3,No.aspect Swale,no aspect,unscarified,small,yes,1,mild,22,NA,NA,NA,NA,NA,1/20/2018,6/2/2018,5/5/2018,5/20/2018,133,105,120,2018,yes,yes,13,4.677,81.951,8.286,117.28,19.292,16.755,248.241,3536,114.1,3627,117,4280,152.9,4548,146.7,7304,243.5,7807,251.8,31102,NA,NA,NA,NA,NA
18,swale,3,No.aspect Swale,no aspect,unscarified,small,no,0,none,0,NA,NA,NA,NA,NA,1/20/2018,2/18/2018,NA,NA,29,NA,NA,2018,yes,yes,NA,4.677,81.951,8.286,117.28,19.292,16.755,248.241,3536,114.1,3627,117,4280,152.9,4548,146.7,7304,243.5,7807,251.8,31102,NA,NA,NA,NA,NA
19,swale,3,No.aspect Swale,no aspect,unscarified,small,no,0,none,4,NA,NA,NA,NA,NA,1/20/2018,6/2/2018,5/20/2018,6/2/2018,133,120,133,2018,yes,yes,0,4.677,81.951,8.286,117.28,19.292,16.755,248.241,3536,114.1,3627,117,4280,152.9,4548,146.7,7304,243.5,7807,251.8,31102,NA,NA,NA,NA,NA
20,swale,3,No.aspect Swale,no aspect,scarified,small,no,0,none,0,NA,NA,NA,NA,NA,1/20/2018,2/18/2018,NA,NA,29,NA,NA,2018,yes,yes,NA,4.677,81.951,8.286,117.28,19.292,16.755,248.241,3536,114.1,3627,117,4280,152.9,4548,146.7,7304,243.5,7807,251.8,31102,NA,NA,NA,NA,NA
21,swale,3,No.aspect Swale,no aspect,scarified,small,no,0,none,0,NA,NA,NA,NA,NA,1/20/2018,2/18/2018,NA,NA,29,NA,NA,2018,yes,yes,NA,4.677,81.951,8.286,117.28,19.292,16.755,248.241,3536,114.1,3627,117,4280,152.9,4548,146.7,7304,243.5,7807,251.8,31102,NA,NA,NA,NA,NA
22,swale,3,No.aspect Swale,no aspect,scarified,small,no,0,none,0,NA,NA,NA,NA,NA,1/20/2018,2/18/2018,NA,NA,29,NA,NA,2018,yes,yes,NA,4.677,81.951,8.286,117.28,19.292,16.755,248.241,3536,114.1,3627,117,4280,152.9,4548,146.7,7304,243.5,7807,251.8,31102,NA,NA,NA,NA,NA
23,swale,3,No.aspect Swale,no aspect,scarified,small,no,0,none,0,NA,NA,NA,NA,NA,1/20/2018,2/18/2018,NA,NA,29,NA,NA,2018,yes,yes,NA,4.677,81.951,8.286,117.28,19.292,16.755,248.241,3536,114.1,3627,117,4280,152.9,4548,146.7,7304,243.5,7807,251.8,31102,NA,NA,NA,NA,NA
24,swale,3,No.aspect Swale,no aspect,scarified,small,no,0,none,0,NA,NA,NA,NA,NA,1/20/2018,2/18/2018,NA,NA,29,NA,NA,2018,yes,yes,NA,4.677,81.951,8.286,117.28,19.292,16.755,248.241,3536,114.1,3627,117,4280,152.9,4548,146.7,7304,243.5,7807,251.8,31102,NA,NA,NA,NA,NA
25,swale,5,No.aspect Swale,no aspect,scarified,small,no,0,none,0,NA,NA,NA,NA,NA,1/20/2018,5/5/2018,NA,NA,105,NA,NA,2018,yes,yes,NA,4.677,81.951,8.286,117.28,19.292,16.755,248.241,3536,114.1,3627,117,4280,152.9,4548,146.7,7304,243.5,7807,251.8,31102,NA,NA,NA,NA,NA
26,swale,5,No.aspect Swale,no aspect,scarified,small,yes,2,severe,1,NA,NA,NA,NA,NA,1/20/2018,5/5/2018,NA,5/5/2018,105,NA,105,2018,yes,yes,0,4.677,81.951,8.286,117.28,19.292,16.755,248.241,3536,114.1,3627,117,4280,152.9,4548,146.7,7304,243.5,7807,251.8,31102,NA,NA,NA,NA,NA
27,swale,5,No.aspect Swale,no aspect,scarified,small,no,0,none,0,NA,NA,NA,NA,NA,1/20/2018,5/5/2018,NA,NA,105,NA,NA,2018,yes,yes,NA,4.677,81.951,8.286,117.28,19.292,16.755,248.241,3536,114.1,3627,117,4280,152.9,4548,146.7,7304,243.5,7807,251.8,31102,NA,NA,NA,NA,NA
28,swale,5,No.aspect Swale,no aspect,scarified,small,yes,1,mild,28,NA,NA,NA,NA,NA,1/20/2018,6/16/2018,5/5/2018,5/20/2018,147,105,120,2018,yes,yes,27,4.677,81.951,8.286,117.28,19.292,16.755,248.241,3536,114.1,3627,117,4280,152.9,4548,146.7,7304,243.5,7807,251.8,31102,NA,NA,NA,NA,NA
29,swale,5,No.aspect Swale,no aspect,scarified,small,no,0,none,0,NA,NA,NA,NA,NA,1/20/2018,4/15/2018,NA,NA,85,NA,NA,2018,yes,yes,NA,4.677,81.951,8.286,117.28,19.292,16.755,248.241,3536,114.1,3627,117,4280,152.9,4548,146.7,7304,243.5,7807,251.8,31102,NA,NA,NA,NA,NA
30,swale,5,No.aspect Swale,no aspect,scarified,small,no,0,none,0,NA,NA,NA,NA,NA,1/20/2018,4/15/2018,NA,NA,85,NA,NA,2018,yes,yes,NA,4.677,81.951,8.286,117.28,19.292,16.755,248.241,3536,114.1,3627,117,4280,152.9,4548,146.7,7304,243.5,7807,251.8,31102,NA,NA,NA,NA,NA
31,swale,5,No.aspect Swale,no aspect,scarified,small,yes,1,mild,212,NA,NA,NA,NA,NA,1/20/2018,6/16/2018,4/15/2018,5/5/2018,147,85,105,2018,yes,yes,42,4.677,81.951,8.286,117.28,19.292,16.755,248.241,3536,114.1,3627,117,4280,152.9,4548,146.7,7304,243.5,7807,251.8,31102,NA,NA,NA,NA,NA
32,swale,5,No.aspect Swale,no aspect,scarified,small,no,0,none,0,NA,NA,NA,NA,NA,1/20/2018,4/15/2018,NA,NA,85,NA,NA,2018,yes,yes,NA,4.677,81.951,8.286,117.28,19.292,16.755,248.241,3536,114.1,3627,117,4280,152.9,4548,146.7,7304,243.5,7807,251.8,31102,NA,NA,NA,NA,NA
33,swale,5,No.aspect Swale,no aspect,scarified,small,yes,1,mild,128,NA,NA,NA,NA,NA,1/20/2018,6/16/2018,5/20/2018,5/20/2018,147,120,120,2018,yes,yes,27,4.677,81.951,8.286,117.28,19.292,16.755,248.241,3536,114.1,3627,117,4280,152.9,4548,146.7,7304,243.5,7807,251.8,31102,NA,NA,NA,NA,NA
34,swale,5,No.aspect Swale,no aspect,scarified,small,no,0,none,0,NA,NA,NA,NA,NA,1/20/2018,4/15/2018,NA,NA,85,NA,NA,2018,yes,yes,NA,4.677,81.951,8.286,117.28,19.292,16.755,248.241,3536,114.1,3627,117,4280,152.9,4548,146.7,7304,243.5,7807,251.8,31102,NA,NA,NA,NA,NA
35,swale,5,No.aspect Swale,no aspect,scarified,small,no,0,none,0,NA,NA,NA,NA,NA,1/20/2018,4/15/2018,NA,NA,85,NA,NA,2018,yes,yes,NA,4.677,81.951,8.286,117.28,19.292,16.755,248.241,3536,114.1,3627,117,4280,152.9,4548,146.7,7304,243.5,7807,251.8,31102,NA,NA,NA,NA,NA
36,swale,5,No.aspect Swale,no aspect,scarified,small,no,0,none,0,NA,NA,NA,NA,NA,1/20/2018,4/15/2018,NA,NA,85,NA,NA,2018,yes,yes,NA,4.677,81.951,8.286,117.28,19.292,16.755,248.241,3536,114.1,3627,117,4280,152.9,4548,146.7,7304,243.5,7807,251.8,31102,NA,NA,NA,NA,NA
37,swale,5,No.aspect Swale,no aspect,scarified,small,no,0,none,4,NA,NA,NA,NA,NA,1/20/2018,5/19/2018,5/5/2018,5/5/2018,119,105,105,2018,yes,yes,14,4.677,81.951,8.286,117.28,19.292,16.755,248.241,3536,114.1,3627,117,4280,152.9,4548,146.7,7304,243.5,7807,251.8,31102,NA,NA,NA,NA,NA
38,swale,5,No.aspect Swale,no aspect,scarified,small,no,0,none,0,NA,NA,NA,NA,NA,1/20/2018,4/15/2018,NA,NA,85,NA,NA,2018,yes,yes,NA,4.677,81.951,8.286,117.28,19.292,16.755,248.241,3536,114.1,3627,117,4280,152.9,4548,146.7,7304,243.5,7807,251.8,31102,NA,NA,NA,NA,NA
39,swale,5,No.aspect Swale,no aspect,scarified,small,no,0,none,0,NA,NA,NA,NA,NA,1/20/2018,3/4/2018,NA,NA,43,NA,NA,2018,yes,yes,NA,4.677,81.951,8.286,117.28,19.292,16.755,248.241,3536,114.1,3627,117,4280,152.9,4548,146.7,7304,243.5,7807,251.8,31102,NA,NA,NA,NA,NA
40,swale,5,No.aspect Swale,no aspect,scarified,small,no,0,none,0,NA,NA,NA,NA,NA,1/20/2018,3/4/2018,NA,NA,43,NA,NA,2018,yes,yes,NA,4.677,81.951,8.286,117.28,19.292,16.755,248.241,3536,114.1,3627,117,4280,152.9,4548,146.7,7304,243.5,7807,251.8,31102,NA,NA,NA,NA,NA
41,swale,5,No.aspect Swale,no aspect,scarified,small,yes,3,severe,0,NA,NA,NA,NA,NA,1/20/2018,5/20/2018,NA,NA,120,NA,NA,2018,yes,yes,NA,4.677,81.951,8.286,117.28,19.292,16.755,248.241,3536,114.1,3627,117,4280,152.9,4548,146.7,7304,243.5,7807,251.8,31102,NA,NA,NA,NA,NA
42,swale,5,No.aspect Swale,no aspect,scarified,small,no,0,none,0,NA,NA,NA,NA,NA,1/20/2018,2/18/2018,NA,NA,29,NA,NA,2018,yes,yes,NA,4.677,81.951,8.286,117.28,19.292,16.755,248.241,3536,114.1,3627,117,4280,152.9,4548,146.7,7304,243.5,7807,251.8,31102,NA,NA,NA,NA,NA
43,swale,5,No.aspect Swale,no aspect,scarified,small,no,0,none,0,NA,NA,NA,NA,NA,1/20/2018,3/4/2018,NA,NA,43,NA,NA,2018,yes,yes,NA,4.677,81.951,8.286,117.28,19.292,16.755,248.241,3536,114.1,3627,117,4280,152.9,4548,146.7,7304,243.5,7807,251.8,31102,NA,NA,NA,NA,NA
44,swale,5,No.aspect Swale,no aspect,scarified,small,no,0,none,0,NA,NA,NA,NA,NA,1/20/2018,2/18/2018,NA,NA,29,NA,NA,2018,yes,yes,NA,4.677,81.951,8.286,117.28,19.292,16.755,248.241,3536,114.1,3627,117,4280,152.9,4548,146.7,7304,243.5,7807,251.8,31102,NA,NA,NA,NA,NA
45,swale,5,No.aspect Swale,no aspect,scarified,small,no,0,none,0,NA,NA,NA,NA,NA,1/20/2018,6/2/2018,NA,NA,133,NA,NA,2018,yes,yes,NA,4.677,81.951,8.286,117.28,19.292,16.755,248.241,3536,114.1,3627,117,4280,152.9,4548,146.7,7304,243.5,7807,251.8,31102,NA,NA,NA,NA,NA
46,swale,5,No.aspect Swale,no aspect,scarified,small,no,0,none,0,NA,NA,NA,NA,NA,1/20/2018,5/5/2018,NA,NA,105,NA,NA,2018,yes,yes,NA,4.677,81.951,8.286,117.28,19.292,16.755,248.241,3536,114.1,3627,117,4280,152.9,4548,146.7,7304,243.5,7807,251.8,31102,NA,NA,NA,NA,NA
47,swale,5,No.aspect Swale,no aspect,scarified,small,no,0,none,0,NA,NA,NA,NA,NA,1/20/2018,2/18/2018,NA,NA,29,NA,NA,2018,yes,yes,NA,4.677,81.951,8.286,117.28,19.292,16.755,248.241,3536,114.1,3627,117,4280,152.9,4548,146.7,7304,243.5,7807,251.8,31102,NA,NA,NA,NA,NA
48,swale,5,No.aspect Swale,no aspect,scarified,small,no,0,none,0,NA,NA,NA,NA,NA,1/20/2018,5/5/2018,NA,NA,105,NA,NA,2018,yes,yes,NA,4.677,81.951,8.286,117.28,19.292,16.755,248.241,3536,114.1,3627,117,4280,152.9,4548,146.7,7304,243.5,7807,251.8,31102,NA,NA,NA,NA,NA
49,swale,5,No.aspect Swale,no aspect,scarified,small,no,0,none,0,NA,NA,NA,NA,NA,1/20/2018,4/15/2018,NA,NA,85,NA,NA,2018,yes,yes,NA,4.677,81.951,8.286,117.28,19.292,16.755,248.241,3536,114.1,3627,117,4280,152.9,4548,146.7,7304,243.5,7807,251.8,31102,NA,NA,NA,NA,NA
50,swale,5,No.aspect Swale,no aspect,scarified,small,no,0,none,0,NA,NA,NA,NA,NA,1/20/2018,4/15/2018,NA,NA,85,NA,NA,2018,yes,yes,NA,4.677,81.951,8.286,117.28,19.292,16.755,248.241,3536,114.1,3627,117,4280,152.9,4548,146.7,7304,243.5,7807,251.8,31102,NA,NA,NA,NA,NA
51,swale,5,No.aspect Swale,no aspect,unscarified,small,no,0,none,0,NA,NA,NA,NA,NA,1/20/2018,2/18/2018,NA,NA,29,NA,NA,2018,yes,yes,NA,4.677,81.951,8.286,117.28,19.292,16.755,248.241,3536,114.1,3627,117,4280,152.9,4548,146.7,7304,243.5,7807,251.8,31102,NA,NA,NA,NA,NA
52,swale,5,No.aspect Swale,no aspect,scarified,small,no,0,none,0,NA,NA,NA,NA,NA,1/20/2018,4/15/2018,NA,NA,85,NA,NA,2018,yes,yes,NA,4.677,81.951,8.286,117.28,19.292,16.755,248.241,3536,114.1,3627,117,4280,152.9,4548,146.7,7304,243.5,7807,251.8,31102,NA,NA,NA,NA,NA
53,swale,5,No.aspect Swale,no aspect,scarified,small,yes,0,none,0,NA,NA,NA,NA,NA,1/20/2018,4/15/2018,NA,NA,85,NA,NA,2018,yes,yes,NA,4.677,81.951,8.286,117.28,19.292,16.755,248.241,3536,114.1,3627,117,4280,152.9,4548,146.7,7304,243.5,7807,251.8,31102,NA,NA,NA,NA,NA
54,swale,5,No.aspect Swale,no aspect,unscarified,small,yes,3,severe,0,NA,NA,NA,NA,NA,1/20/2018,5/20/2018,NA,NA,120,NA,NA,2018,yes,yes,NA,4.677,81.951,8.286,117.28,19.292,16.755,248.241,3536,114.1,3627,117,4280,152.9,4548,146.7,7304,243.5,7807,251.8,31102,NA,NA,NA,NA,NA
55,swale,5,No.aspect Swale,no aspect,scarified,small,no,0,none,0,NA,NA,NA,NA,NA,1/20/2018,5/20/2018,NA,NA,120,NA,NA,2018,yes,yes,NA,4.677,81.951,8.286,117.28,19.292,16.755,248.241,3536,114.1,3627,117,4280,152.9,4548,146.7,7304,243.5,7807,251.8,31102,NA,NA,NA,NA,NA
56,steep,4,No.aspect Swale,South,unscarified,big,no,0,none,0,NA,NA,NA,NA,NA,1/20/2018,2/18/2018,NA,NA,29,NA,NA,2018,yes,yes,NA,4.677,81.951,8.286,117.28,19.292,16.755,248.241,3536,114.1,3627,117,4280,152.9,4548,146.7,7304,243.5,7807,251.8,31102,NA,NA,NA,NA,NA
57,steep,4,No.aspect Swale,south,unscarified,Big,no,0,none,0,NA,NA,NA,NA,NA,1/20/2018,2/18/2018,NA,NA,29,NA,NA,2018,yes,yes,NA,4.677,81.951,8.286,117.28,19.292,16.755,248.241,3536,114.1,3627,117,4280,152.9,4548,146.7,7304,243.5,7807,251.8,31102,NA,NA,NA,NA,NA
58,steep,1,North Steep,north,unscarified,none,no,0,severe,0,NA,NA,NA,NA,NA,1/20/2018,2/3/2018,NA,NA,14,NA,NA,2018,yes,yes,NA,4.677,81.951,8.286,117.28,19.292,16.755,248.241,3536,114.1,3627,117,4280,152.9,4548,146.7,7304,243.5,7807,251.8,31102,NA,NA,NA,NA,NA
59,ridge,1,No.aspect Ridge,no aspect,unscarified,small,no,0,none,0,NA,NA,NA,NA,NA,1/20/2018,2/18/2018,NA,NA,29,NA,NA,2018,yes,yes,NA,4.677,81.951,8.286,117.28,19.292,16.755,248.241,3536,114.1,3627,117,4280,152.9,4548,146.7,7304,243.5,7807,251.8,31102,NA,NA,NA,NA,NA
60,ridge,1,No.aspect Ridge,no aspect,unscarified,small,no,0,none,0,NA,NA,NA,NA,NA,1/20/2018,2/18/2018,NA,NA,29,NA,NA,2018,yes,yes,NA,4.677,81.951,8.286,117.28,19.292,16.755,248.241,3536,114.1,3627,117,4280,152.9,4548,146.7,7304,243.5,7807,251.8,31102,NA,NA,NA,NA,NA
61,ridge,1,No.aspect Ridge,no aspect,scarified,small,no,0,none,0,NA,NA,NA,NA,NA,1/20/2018,2/18/2018,NA,NA,29,NA,NA,2018,yes,yes,NA,4.677,81.951,8.286,117.28,19.292,16.755,248.241,3536,114.1,3627,117,4280,152.9,4548,146.7,7304,243.5,7807,251.8,31102,NA,NA,NA,NA,NA
62,ridge,1,No.aspect Ridge,no aspect,scarified,small,no,0,none,0,NA,NA,NA,NA,NA,1/20/2018,2/18/2018,NA,NA,29,NA,NA,2018,yes,yes,NA,4.677,81.951,8.286,117.28,19.292,16.755,248.241,3536,114.1,3627,117,4280,152.9,4548,146.7,7304,243.5,7807,251.8,31102,NA,NA,NA,NA,NA
63,swale,5,No.aspect Swale,no aspect,scarified,small,yes,2,severe,0,NA,NA,NA,NA,NA,2/3/2018,5/20/2018,NA,NA,106,NA,NA,2018,yes,yes,NA,4.677,81.951,8.286,117.28,19.292,16.755,248.241,3536,114.1,3627,117,4280,152.9,4548,146.7,7304,243.5,7807,251.8,31102,NA,NA,NA,NA,NA
64,swale,5,No.aspect Swale,no aspect,scarified,small,no,0,none,0,NA,NA,NA,NA,NA,2/3/2018,5/5/2018,NA,NA,91,NA,NA,2018,yes,yes,NA,4.677,81.951,8.286,117.28,19.292,16.755,248.241,3536,114.1,3627,117,4280,152.9,4548,146.7,7304,243.5,7807,251.8,31102,NA,NA,NA,NA,NA
65,swale,5,No.aspect Swale,no aspect,scarified,small,no,0,none,0,NA,NA,NA,NA,NA,2/3/2018,5/5/2018,NA,NA,91,NA,NA,2018,yes,yes,NA,4.677,81.951,8.286,117.28,19.292,16.755,248.241,3536,114.1,3627,117,4280,152.9,4548,146.7,7304,243.5,7807,251.8,31102,NA,NA,NA,NA,NA
66,swale,5,No.aspect Swale,no aspect,scarified,small,no,0,none,0,NA,NA,NA,NA,NA,2/3/2018,3/4/2018,NA,NA,29,NA,NA,2018,yes,yes,NA,4.677,81.951,8.286,117.28,19.292,16.755,248.241,3536,114.1,3627,117,4280,152.9,4548,146.7,7304,243.5,7807,251.8,31102,NA,NA,NA,NA,NA
67,swale,5,No.aspect Swale,no aspect,scarified,small,no,0,none,0,NA,NA,NA,NA,NA,2/3/2018,5/5/2018,NA,NA,91,NA,NA,2018,yes,yes,NA,4.677,81.951,8.286,117.28,19.292,16.755,248.241,3536,114.1,3627,117,4280,152.9,4548,146.7,7304,243.5,7807,251.8,31102,NA,NA,NA,NA,NA
68,swale,5,No.aspect Swale,no aspect,scarified,small,no,0,none,0,NA,NA,NA,NA,NA,2/3/2018,4/15/2018,NA,NA,71,NA,NA,2018,yes,yes,NA,4.677,81.951,8.286,117.28,19.292,16.755,248.241,3536,114.1,3627,117,4280,152.9,4548,146.7,7304,243.5,7807,251.8,31102,NA,NA,NA,NA,NA
69,swale,5,No.aspect Swale,no aspect,scarified,small,no,0,none,0,NA,NA,NA,NA,NA,2/18/2018,3/4/2018,NA,NA,14,NA,NA,2018,yes,yes,NA,4.677,81.951,8.286,117.28,19.292,16.755,248.241,3536,114.1,3627,117,4280,152.9,4548,146.7,7304,243.5,7807,251.8,31102,NA,NA,NA,NA,NA
70,swale,5,No.aspect Swale,no aspect,scarified,small,no,0,none,0,NA,NA,NA,NA,NA,3/4/2018,4/15/2018,NA,NA,42,NA,NA,2018,yes,yes,NA,4.677,81.951,8.286,117.28,19.292,16.755,248.241,3536,114.1,3627,117,4280,152.9,4548,146.7,7304,243.5,7807,251.8,31102,NA,NA,NA,NA,NA
71,swale,5,No.aspect Swale,no aspect,unscarified,small,no,0,none,0,NA,NA,NA,NA,NA,3/4/2018,4/15/2018,NA,NA,42,NA,NA,2018,yes,yes,NA,4.677,81.951,8.286,117.28,19.292,16.755,248.241,3536,114.1,3627,117,4280,152.9,4548,146.7,7304,243.5,7807,251.8,31102,NA,NA,NA,NA,NA
72,Swale,5,No.aspect Swale,no aspect,scarified,Small,no,0,none,0,NA,NA,NA,NA,NA,3/4/2018,5/20/2018,NA,NA,77,NA,NA,2018,yes,yes,NA,4.677,81.951,8.286,117.28,19.292,16.755,248.241,3536,114.1,3627,117,4280,152.9,4548,146.7,7304,243.5,7807,251.8,31102,NA,NA,NA,NA,NA
73,Swale,5,No.aspect Swale,no aspect,scarified,Small,no,0,none,0,NA,NA,NA,NA,NA,3/4/2018,5/5/2018,NA,NA,62,NA,NA,2018,yes,yes,NA,4.677,81.951,8.286,117.28,19.292,16.755,248.241,3536,114.1,3627,117,4280,152.9,4548,146.7,7304,243.5,7807,251.8,31102,NA,NA,NA,NA,NA
74,swale,5,No.aspect Swale,no aspect,unscarified,Small,yes,3,severe,14,NA,NA,NA,NA,NA,3/4/2018,6/2/2018,5/5/2018,5/20/2018,90,62,77,2018,yes,yes,13,4.677,81.951,8.286,117.28,19.292,16.755,248.241,3536,114.1,3627,117,4280,152.9,4548,146.7,7304,243.5,7807,251.8,31102,NA,NA,NA,NA,NA
75,swale,5,No.aspect Swale,no aspect,unscarified,Small,no,0,none,0,NA,NA,NA,NA,NA,3/4/2018,5/5/2018,NA,NA,62,NA,NA,2018,yes,yes,NA,4.677,81.951,8.286,117.28,19.292,16.755,248.241,3536,114.1,3627,117,4280,152.9,4548,146.7,7304,243.5,7807,251.8,31102,NA,NA,NA,NA,NA
76,swale,5,No.aspect Swale,no aspect,unscarified,Small,yes,2,mild,0,NA,NA,NA,NA,NA,3/4/2018,4/15/2018,NA,NA,42,NA,NA,2018,yes,yes,NA,4.677,81.951,8.286,117.28,19.292,16.755,248.241,3536,114.1,3627,117,4280,152.9,4548,146.7,7304,243.5,7807,251.8,31102,NA,NA,NA,NA,NA
77,swale,5,No.aspect Swale,no aspect,unscarified,Small,yes,2,mild,0,NA,NA,NA,NA,NA,3/4/2018,4/15/2018,NA,NA,42,NA,NA,2018,yes,yes,NA,4.677,81.951,8.286,117.28,19.292,16.755,248.241,3536,114.1,3627,117,4280,152.9,4548,146.7,7304,243.5,7807,251.8,31102,NA,NA,NA,NA,NA
78,swale,5,No.aspect Swale,no aspect,scarified,Small,yes,2,mild,0,NA,NA,NA,NA,NA,3/4/2018,5/20/2018,NA,NA,77,NA,NA,2018,yes,yes,NA,4.677,81.951,8.286,117.28,19.292,16.755,248.241,3536,114.1,3627,117,4280,152.9,4548,146.7,7304,243.5,7807,251.8,31102,NA,NA,NA,NA,NA
79,steep,5,South Steep,South,scarified,Big,no,0,none,9,NA,NA,NA,NA,NA,3/4/2018,6/2/2018,5/5/2018,5/5/2018,90,62,62,2018,yes,yes,28,4.677,81.951,8.286,117.28,19.292,16.755,248.241,3536,114.1,3627,117,4280,152.9,4548,146.7,7304,243.5,7807,251.8,31102,NA,NA,NA,NA,NA
80,steep,4,South Steep,south,unscarified,small,yes,1,mild,49,NA,NA,NA,NA,NA,3/4/2018,6/16/2018,5/5/2018,5/20/2018,104,62,77,2018,yes,yes,27,4.677,81.951,8.286,117.28,19.292,16.755,248.241,3536,114.1,3627,117,4280,152.9,4548,146.7,7304,243.5,7807,251.8,31102,NA,NA,NA,NA,NA
81,steep,1,North Steep,North,scarified,small,yes,3,severe,10,NA,NA,NA,NA,NA,3/4/2018,6/2/2018,5/5/2018,5/5/2018,90,62,62,2018,yes,yes,28,4.677,81.951,8.286,117.28,19.292,16.755,248.241,3536,114.1,3627,117,4280,152.9,4548,146.7,7304,243.5,7807,251.8,31102,NA,NA,NA,NA,NA
82,steep,1,North Steep,North,scarified,small,no,0,none,0,NA,NA,NA,NA,NA,3/4/2018,5/20/2018,NA,NA,77,NA,NA,2018,yes,yes,NA,4.677,81.951,8.286,117.28,19.292,16.755,248.241,3536,114.1,3627,117,4280,152.9,4548,146.7,7304,243.5,7807,251.8,31102,NA,NA,NA,NA,NA
83,swale,3,No.aspect Swale,no aspect,unscarified,small,no,0,none,4,NA,NA,NA,NA,NA,4/15/2018,6/16/2018,NA,NA,62,NA,NA,2018,yes,yes,NA,4.677,81.951,8.286,117.28,19.292,16.755,248.241,3536,114.1,3627,117,4280,152.9,4548,146.7,7304,243.5,7807,251.8,31102,NA,NA,NA,NA,NA
84,swale,5,No.aspect Swale,no aspect,scarified,small,no,0,none,0,NA,NA,NA,NA,NA,4/15/2018,6/2/2018,NA,NA,48,NA,NA,2018,yes,yes,NA,4.677,81.951,8.286,117.28,19.292,16.755,248.241,3536,114.1,3627,117,4280,152.9,4548,146.7,7304,243.5,7807,251.8,31102,NA,NA,NA,NA,NA
85,Swale,5,No.aspect Swale,no aspect,scarified,Small,no,0,none,0,NA,NA,NA,NA,NA,4/15/2018,5/5/2018,NA,NA,20,NA,NA,2018,yes,yes,NA,4.677,81.951,8.286,117.28,19.292,16.755,248.241,3536,114.1,3627,117,4280,152.9,4548,146.7,7304,243.5,7807,251.8,31102,NA,NA,NA,NA,NA
86,Steep,5,South Steep,South,unscarified,Big,yes,2,mild,50,NA,NA,NA,NA,NA,4/15/2018,6/2/2018,5/5/2018,5/5/2018,48,20,20,2018,yes,yes,28,4.677,81.951,8.286,117.28,19.292,16.755,248.241,3536,114.1,3627,117,4280,152.9,4548,146.7,7304,243.5,7807,251.8,31102,NA,NA,NA,NA,NA
87,Steep,5,South Steep,South,unscarified,Big,yes,2,mild,60,NA,NA,NA,NA,NA,4/15/2018,6/2/2018,5/5/2018,5/5/2018,48,20,20,2018,yes,yes,28,4.677,81.951,8.286,117.28,19.292,16.755,248.241,3536,114.1,3627,117,4280,152.9,4548,146.7,7304,243.5,7807,251.8,31102,NA,NA,NA,NA,NA
88,steep,2,North Steep,North,scarified,Big,no,0,none,0,NA,NA,NA,NA,NA,4/15/2018,5/20/2018,NA,NA,35,NA,NA,2018,yes,yes,NA,4.677,81.951,8.286,117.28,19.292,16.755,248.241,3536,114.1,3627,117,4280,152.9,4548,146.7,7304,243.5,7807,251.8,31102,NA,NA,NA,NA,NA
89,ridge,1,No.aspect Ridge,no aspect,unscarified,small,no,0,none,0,NA,NA,NA,NA,NA,4/15/2018,6/2/2018,NA,NA,48,NA,NA,2018,yes,yes,NA,4.677,81.951,8.286,117.28,19.292,16.755,248.241,3536,114.1,3627,117,4280,152.9,4548,146.7,7304,243.5,7807,251.8,31102,NA,NA,NA,NA,NA
1,gentle,3,South Gentle,south,NA,small,no,NA,none,0,NA,NA,NA,NA,NA,NA,NA,NA,NA,89,NA,NA,2019,yes,yes,NA,19.291,95.424,29.698,43.912,15.487,41.884,245.696,3511,113.2580645,3262,105.2258065,3936,140.5714286,5836,188.2580645,7673,255.7666667,8100,261.2903226,32318,0,0,0,0,0
2,gentle,3,South Gentle,south,NA,small,no,NA,none,0,NA,NA,NA,NA,NA,NA,NA,NA,NA,89,NA,NA,2019,yes,yes,NA,19.291,95.424,29.698,43.912,15.487,41.884,245.696,3511,113.2580645,3262,105.2258065,3936,140.5714286,5836,188.2580645,7673,255.7666667,8100,261.2903226,32318,0,0,0,0,0
3,gentle,3,South Gentle,south,NA,small,no,NA,none,0,NA,NA,NA,NA,NA,NA,NA,NA,NA,89,NA,NA,2019,yes,yes,NA,19.291,95.424,29.698,43.912,15.487,41.884,245.696,3511,113.2580645,3262,105.2258065,3936,140.5714286,5836,188.2580645,7673,255.7666667,8100,261.2903226,32318,0,0,0,0,0
4,gentle,3,South Gentle,south,NA,small,no,NA,none,0,NA,NA,NA,NA,NA,NA,NA,NA,NA,89,NA,NA,2019,yes,yes,NA,19.291,95.424,29.698,43.912,15.487,41.884,245.696,3511,113.2580645,3262,105.2258065,3936,140.5714286,5836,188.2580645,7673,255.7666667,8100,261.2903226,32318,0,0,0,0,0
5,gentle,3,South Gentle,south,NA,small,no,NA,none,0,NA,NA,NA,NA,NA,NA,NA,NA,NA,102,NA,NA,2019,yes,yes,NA,19.291,95.424,29.698,43.912,15.487,41.884,245.696,3511,113.2580645,3262,105.2258065,3936,140.5714286,5836,188.2580645,7673,255.7666667,8100,261.2903226,32318,0,0,0,0,0
6,gentle,3,South Gentle,south,NA,small,no,NA,none,6,NA,NA,NA,NA,NA,NA,NA,NA,NA,144,118,144,2019,yes,yes,0,19.291,95.424,29.698,43.912,15.487,41.884,245.696,3511,113.2580645,3262,105.2258065,3936,140.5714286,5836,188.2580645,7673,255.7666667,8100,261.2903226,32318,0,0,0,0,0
7,swale,3,No.aspect Swale,no aspect,NA,big,yes,NA,moderate,39,NA,NA,NA,NA,NA,NA,NA,NA,NA,150,89,109,2019,yes,yes,27,19.291,95.424,29.698,43.912,15.487,41.884,245.696,3511,113.2580645,3262,105.2258065,3936,140.5714286,5836,188.2580645,7673,255.7666667,8100,261.2903226,32318,2,4,0,0,4
8,swale,3,No.aspect Swale,no aspect,NA,big,yes,NA,moderate,41,NA,NA,NA,NA,NA,NA,NA,NA,NA,162,89,109,2019,yes,yes,53,19.291,95.424,29.698,43.912,15.487,41.884,245.696,3511,113.2580645,3262,105.2258065,3936,140.5714286,5836,188.2580645,7673,255.7666667,8100,261.2903226,32318,2,2,2,4,6
9,swale,3,No.aspect Swale,no aspect,NA,small,no,NA,none,1,NA,NA,NA,NA,NA,NA,NA,NA,NA,120,89,109,2019,yes,yes,53,19.291,95.424,29.698,43.912,15.487,41.884,245.696,3511,113.2580645,3262,105.2258065,3936,140.5714286,5836,188.2580645,7673,255.7666667,8100,261.2903226,32318,0,0,0,0,0
10,swale,3,No.aspect Swale,no aspect,NA,small,no,NA,none,0,NA,NA,NA,NA,NA,NA,NA,NA,NA,120,109,NA,2019,yes,yes,NA,19.291,95.424,29.698,43.912,15.487,41.884,245.696,3511,113.2580645,3262,105.2258065,3936,140.5714286,5836,188.2580645,7673,255.7666667,8100,261.2903226,32318,0,0,0,0,0
11,swale,3,No.aspect Swale,no aspect,NA,small,yes,NA,severe,7,NA,NA,NA,NA,NA,NA,NA,NA,NA,181,109,162,2019,yes,yes,19,19.291,95.424,29.698,43.912,15.487,41.884,245.696,3511,113.2580645,3262,105.2258065,3936,140.5714286,5836,188.2580645,7673,255.7666667,8100,261.2903226,32318,1,1,3.5,7,8
12,swale,3,No.aspect Swale,no aspect,NA,small,yes,NA,mild,6,NA,NA,NA,NA,NA,NA,NA,NA,NA,181,109,136,2019,yes,yes,45,19.291,95.424,29.698,43.912,15.487,41.884,245.696,3511,113.2580645,3262,105.2258065,3936,140.5714286,5836,188.2580645,7673,255.7666667,8100,261.2903226,32318,1,1,0,0,1
13,swale,3,No.aspect Swale,no aspect,NA,small,yes,NA,mild,7,NA,NA,NA,NA,NA,NA,NA,NA,NA,150,109,136,2019,yes,yes,14,19.291,95.424,29.698,43.912,15.487,41.884,245.696,3511,113.2580645,3262,105.2258065,3936,140.5714286,5836,188.2580645,7673,255.7666667,8100,261.2903226,32318,0,0,3,3,3
14,swale,3,No.aspect Swale,no aspect,NA,small,no,NA,none,4,NA,NA,NA,NA,NA,NA,NA,NA,NA,120,89,109,2019,yes,yes,11,19.291,95.424,29.698,43.912,15.487,41.884,245.696,3511,113.2580645,3262,105.2258065,3936,140.5714286,5836,188.2580645,7673,255.7666667,8100,261.2903226,32318,0,0,0,0,0
15,swale,3,No.aspect Swale,no aspect,NA,small,no,NA,none,0,NA,NA,NA,NA,NA,NA,NA,NA,NA,89,NA,NA,2019,yes,yes,NA,19.291,95.424,29.698,43.912,15.487,41.884,245.696,3511,113.2580645,3262,105.2258065,3936,140.5714286,5836,188.2580645,7673,255.7666667,8100,261.2903226,32318,0,0,0,0,0
16,swale,3,No.aspect Swale,no aspect,NA,small,no,NA,none,0,NA,NA,NA,NA,NA,NA,NA,NA,NA,89,NA,NA,2019,yes,yes,NA,19.291,95.424,29.698,43.912,15.487,41.884,245.696,3511,113.2580645,3262,105.2258065,3936,140.5714286,5836,188.2580645,7673,255.7666667,8100,261.2903226,32318,0,0,0,0,0
17,swale,3,No.aspect Swale,no aspect,NA,small,no,NA,none,0,NA,NA,NA,NA,NA,NA,NA,NA,NA,42,NA,NA,2019,yes,yes,NA,19.291,95.424,29.698,43.912,15.487,41.884,245.696,3511,113.2580645,3262,105.2258065,3936,140.5714286,5836,188.2580645,7673,255.7666667,8100,261.2903226,32318,0,0,0,0,0
18,swale,3,No.aspect Swale,no aspect,NA,small,yes,NA,severe,4,NA,NA,NA,NA,NA,NA,NA,NA,NA,181,109,136,2019,yes,yes,45,19.291,95.424,29.698,43.912,15.487,41.884,245.696,3511,113.2580645,3262,105.2258065,3936,140.5714286,5836,188.2580645,7673,255.7666667,8100,261.2903226,32318,1,2,3,6,8
19,swale,3,No.aspect Swale,no aspect,NA,small,no,NA,none,0,NA,NA,NA,NA,NA,NA,NA,NA,NA,120,NA,NA,2019,yes,yes,NA,19.291,95.424,29.698,43.912,15.487,41.884,245.696,3511,113.2580645,3262,105.2258065,3936,140.5714286,5836,188.2580645,7673,255.7666667,8100,261.2903226,32318,0,0,0,0,0
20,swale,3,No.aspect Swale,no aspect,NA,small,yes,NA,severe,0,NA,NA,NA,NA,NA,NA,NA,NA,NA,181,109,NA,2019,yes,yes,NA,19.291,95.424,29.698,43.912,15.487,41.884,245.696,3511,113.2580645,3262,105.2258065,3936,140.5714286,5836,188.2580645,7673,255.7666667,8100,261.2903226,32318,1,1,3,6,7
21,swale,3,No.aspect Swale,no aspect,NA,small,yes,NA,severe,1,NA,NA,NA,NA,NA,NA,NA,NA,NA,162,109,136,2019,yes,yes,14,19.291,95.424,29.698,43.912,15.487,41.884,245.696,3511,113.2580645,3262,105.2258065,3936,140.5714286,5836,188.2580645,7673,255.7666667,8100,261.2903226,32318,0,0,4,8,8
22,swale,3,No.aspect Swale,no aspect,NA,small,no,NA,none,0,NA,NA,NA,NA,NA,NA,NA,NA,NA,63,NA,NA,2019,yes,yes,NA,19.291,95.424,29.698,43.912,15.487,41.884,245.696,3511,113.2580645,3262,105.2258065,3936,140.5714286,5836,188.2580645,7673,255.7666667,8100,261.2903226,32318,0,0,0,0,0
23,swale,3,No.aspect Swale,no aspect,NA,small,no,NA,none,0,NA,NA,NA,NA,NA,NA,NA,NA,NA,42,NA,NA,2019,yes,yes,NA,19.291,95.424,29.698,43.912,15.487,41.884,245.696,3511,113.2580645,3262,105.2258065,3936,140.5714286,5836,188.2580645,7673,255.7666667,8100,261.2903226,32318,0,0,0,0,0
24,swale,3,No.aspect Swale,no aspect,NA,small,no,NA,none,0,NA,NA,NA,NA,NA,NA,NA,NA,NA,42,NA,NA,2019,yes,yes,NA,19.291,95.424,29.698,43.912,15.487,41.884,245.696,3511,113.2580645,3262,105.2258065,3936,140.5714286,5836,188.2580645,7673,255.7666667,8100,261.2903226,32318,0,0,0,0,0
25,swale,3,No.aspect Swale,no aspect,NA,small,no,NA,none,3,NA,NA,NA,NA,NA,NA,NA,NA,NA,181,109,136,2019,yes,yes,45,19.291,95.424,29.698,43.912,15.487,41.884,245.696,3511,113.2580645,3262,105.2258065,3936,140.5714286,5836,188.2580645,7673,255.7666667,8100,261.2903226,32318,0,0,0,0,0
26,swale,3,No.aspect Swale,no aspect,NA,small,no,NA,none,0,NA,NA,NA,NA,NA,NA,NA,NA,NA,89,NA,NA,2019,yes,yes,NA,19.291,95.424,29.698,43.912,15.487,41.884,245.696,3511,113.2580645,3262,105.2258065,3936,140.5714286,5836,188.2580645,7673,255.7666667,8100,261.2903226,32318,0,0,0,0,0
27,swale,3,No.aspect Swale,no aspect,NA,small,yes,NA,severe,4,NA,NA,NA,NA,NA,NA,NA,NA,NA,181,109,136,2019,yes,yes,45,19.291,95.424,29.698,43.912,15.487,41.884,245.696,3511,113.2580645,3262,105.2258065,3936,140.5714286,5836,188.2580645,7673,255.7666667,8100,261.2903226,32318,1,1,4,8,9
28,swale,3,No.aspect Swale,no aspect,NA,small,no,NA,none,0,NA,NA,NA,NA,NA,NA,NA,NA,NA,76,NA,NA,2019,yes,yes,NA,19.291,95.424,29.698,43.912,15.487,41.884,245.696,3511,113.2580645,3262,105.2258065,3936,140.5714286,5836,188.2580645,7673,255.7666667,8100,261.2903226,32318,0,0,0,0,0
29,swale,3,No.aspect Swale,no aspect,NA,small,no,NA,none,2,NA,NA,NA,NA,NA,NA,NA,NA,NA,150,109,136,2019,yes,yes,0,19.291,95.424,29.698,43.912,15.487,41.884,245.696,3511,113.2580645,3262,105.2258065,3936,140.5714286,5836,188.2580645,7673,255.7666667,8100,261.2903226,32318,0,0,0,0,0
30,swale,3,No.aspect Swale,no aspect,NA,small,no,NA,none,0,NA,NA,NA,NA,NA,NA,NA,NA,NA,89,NA,NA,2019,yes,yes,NA,19.291,95.424,29.698,43.912,15.487,41.884,245.696,3511,113.2580645,3262,105.2258065,3936,140.5714286,5836,188.2580645,7673,255.7666667,8100,261.2903226,32318,0,0,0,0,0
31,swale,3,No.aspect Swale,no aspect,NA,small,yes,NA,severe,1,NA,NA,NA,NA,NA,NA,NA,NA,NA,181,109,162,2019,yes,yes,0,19.291,95.424,29.698,43.912,15.487,41.884,245.696,3511,113.2580645,3262,105.2258065,3936,140.5714286,5836,188.2580645,7673,255.7666667,8100,261.2903226,32318,1.666666667,5,3,3,8
32,swale,3,No.aspect Swale,no aspect,NA,small,yes,NA,severe,11,NA,NA,NA,NA,NA,NA,NA,NA,NA,181,109,136,2019,yes,yes,45,19.291,95.424,29.698,43.912,15.487,41.884,245.696,3511,113.2580645,3262,105.2258065,3936,140.5714286,5836,188.2580645,7673,255.7666667,8100,261.2903226,32318,2,4,4,4,8
33,swale,3,No.aspect Swale,no aspect,NA,small,no,NA,none,0,NA,NA,NA,NA,NA,NA,NA,NA,NA,89,NA,NA,2019,yes,yes,NA,19.291,95.424,29.698,43.912,15.487,41.884,245.696,3511,113.2580645,3262,105.2258065,3936,140.5714286,5836,188.2580645,7673,255.7666667,8100,261.2903226,32318,0,0,0,0,0
34,swale,3,No.aspect Swale,no aspect,NA,small,no,NA,none,0,NA,NA,NA,NA,NA,NA,NA,NA,NA,89,NA,NA,2019,yes,yes,NA,19.291,95.424,29.698,43.912,15.487,41.884,245.696,3511,113.2580645,3262,105.2258065,3936,140.5714286,5836,188.2580645,7673,255.7666667,8100,261.2903226,32318,0,0,0,0,0
35,swale,3,No.aspect Swale,no aspect,NA,small,no,NA,none,0,NA,NA,NA,NA,NA,NA,NA,NA,NA,76,NA,NA,2019,yes,yes,NA,19.291,95.424,29.698,43.912,15.487,41.884,245.696,3511,113.2580645,3262,105.2258065,3936,140.5714286,5836,188.2580645,7673,255.7666667,8100,261.2903226,32318,0,0,0,0,0
36,swale,3,No.aspect Swale,no aspect,NA,small,no,NA,none,0,NA,NA,NA,NA,NA,NA,NA,NA,NA,71,NA,NA,2019,yes,yes,NA,19.291,95.424,29.698,43.912,15.487,41.884,245.696,3511,113.2580645,3262,105.2258065,3936,140.5714286,5836,188.2580645,7673,255.7666667,8100,261.2903226,32318,0,0,0,0,0
37,swale,3,No.aspect Swale,no aspect,NA,small,no,NA,none,0,NA,NA,NA,NA,NA,NA,NA,NA,NA,71,NA,NA,2019,yes,yes,NA,19.291,95.424,29.698,43.912,15.487,41.884,245.696,3511,113.2580645,3262,105.2258065,3936,140.5714286,5836,188.2580645,7673,255.7666667,8100,261.2903226,32318,0,0,0,0,0
38,swale,3,No.aspect Swale,no aspect,NA,small,no,NA,none,0,NA,NA,NA,NA,NA,NA,NA,NA,NA,45,NA,NA,2019,yes,yes,NA,19.291,95.424,29.698,43.912,15.487,41.884,245.696,3511,113.2580645,3262,105.2258065,3936,140.5714286,5836,188.2580645,7673,255.7666667,8100,261.2903226,32318,0,0,0,0,0
39,swale,3,No.aspect Swale,no aspect,NA,small,no,NA,none,0,NA,NA,NA,NA,NA,NA,NA,NA,NA,71,NA,NA,2019,yes,yes,NA,19.291,95.424,29.698,43.912,15.487,41.884,245.696,3511,113.2580645,3262,105.2258065,3936,140.5714286,5836,188.2580645,7673,255.7666667,8100,261.2903226,32318,0,0,0,0,0
40,swale,3,No.aspect Swale,no aspect,NA,small,no,NA,none,0,NA,NA,NA,NA,NA,NA,NA,NA,NA,102,NA,NA,2019,yes,yes,NA,19.291,95.424,29.698,43.912,15.487,41.884,245.696,3511,113.2580645,3262,105.2258065,3936,140.5714286,5836,188.2580645,7673,255.7666667,8100,261.2903226,32318,0,0,0,0,0
41,swale,3,No.aspect Swale,no aspect,NA,small,yes,NA,moderate,0,NA,NA,NA,NA,NA,NA,NA,NA,NA,163,91,NA,2019,yes,yes,NA,19.291,95.424,29.698,43.912,15.487,41.884,245.696,3511,113.2580645,3262,105.2258065,3936,140.5714286,5836,188.2580645,7673,255.7666667,8100,261.2903226,32318,2,4,1,1,5
42,swale,3,No.aspect Swale,no aspect,NA,small,no,NA,none,0,NA,NA,NA,NA,NA,NA,NA,NA,NA,91,NA,NA,2019,yes,yes,NA,19.291,95.424,29.698,43.912,15.487,41.884,245.696,3511,113.2580645,3262,105.2258065,3936,140.5714286,5836,188.2580645,7673,255.7666667,8100,261.2903226,32318,0,0,0,0,0
43,swale,3,No.aspect Swale,no aspect,NA,small,no,NA,none,0,NA,NA,NA,NA,NA,NA,NA,NA,NA,24,NA,NA,2019,yes,yes,NA,19.291,95.424,29.698,43.912,15.487,41.884,245.696,3511,113.2580645,3262,105.2258065,3936,140.5714286,5836,188.2580645,7673,255.7666667,8100,261.2903226,32318,0,0,0,0,0
44,swale,4,No.aspect Swale,no aspect,NA,small,no,NA,none,7,NA,NA,NA,NA,NA,NA,NA,NA,NA,150,136,150,2019,yes,yes,0,19.291,95.424,29.698,43.912,15.487,41.884,245.696,3511,113.2580645,3262,105.2258065,3936,140.5714286,5836,188.2580645,7673,255.7666667,8100,261.2903226,32318,0,0,0,0,0
45,swale,5,No.aspect Swale,no aspect,NA,small,no,NA,none,0,NA,NA,NA,NA,NA,NA,NA,NA,NA,63,NA,NA,2019,yes,yes,NA,19.291,95.424,29.698,43.912,15.487,41.884,245.696,3511,113.2580645,3262,105.2258065,3936,140.5714286,5836,188.2580645,7673,255.7666667,8100,261.2903226,32318,0,0,0,0,0
46,swale,5,No.aspect Swale,no aspect,NA,small,no,NA,none,57,NA,NA,NA,NA,NA,NA,NA,NA,NA,150,109,150,2019,yes,yes,0,19.291,95.424,29.698,43.912,15.487,41.884,245.696,3511,113.2580645,3262,105.2258065,3936,140.5714286,5836,188.2580645,7673,255.7666667,8100,261.2903226,32318,0,0,0,0,0
47,swale,5,No.aspect Swale,no aspect,NA,small,yes,NA,mild,17,NA,NA,NA,NA,NA,NA,NA,NA,NA,150,109,150,2019,yes,yes,0,19.291,95.424,29.698,43.912,15.487,41.884,245.696,3511,113.2580645,3262,105.2258065,3936,140.5714286,5836,188.2580645,7673,255.7666667,8100,261.2903226,32318,1,2,0,0,2
48,swale,5,No.aspect Swale,no aspect,NA,small,yes,NA,mild,8,NA,NA,NA,NA,NA,NA,NA,NA,NA,150,109,150,2019,yes,yes,0,19.291,95.424,29.698,43.912,15.487,41.884,245.696,3511,113.2580645,3262,105.2258065,3936,140.5714286,5836,188.2580645,7673,255.7666667,8100,261.2903226,32318,3,3,0,0,3
49,swale,5,No.aspect Swale,no aspect,NA,small,no,NA,none,7,NA,NA,NA,NA,NA,NA,NA,NA,NA,150,109,150,2019,yes,yes,0,19.291,95.424,29.698,43.912,15.487,41.884,245.696,3511,113.2580645,3262,105.2258065,3936,140.5714286,5836,188.2580645,7673,255.7666667,8100,261.2903226,32318,0,0,0,0,0
50,swale,5,No.aspect Swale,no aspect,NA,small,yes,NA,mild,18,NA,NA,NA,NA,NA,NA,NA,NA,NA,150,109,136,2019,yes,yes,14,19.291,95.424,29.698,43.912,15.487,41.884,245.696,3511,113.2580645,3262,105.2258065,3936,140.5714286,5836,188.2580645,7673,255.7666667,8100,261.2903226,32318,3,3,0,0,3
51,swale,5,No.aspect Swale,no aspect,NA,small,yes,NA,mild,4,NA,NA,NA,NA,NA,NA,NA,NA,NA,150,109,150,2019,yes,yes,0,19.291,95.424,29.698,43.912,15.487,41.884,245.696,3511,113.2580645,3262,105.2258065,3936,140.5714286,5836,188.2580645,7673,255.7666667,8100,261.2903226,32318,2,2,0,0,2
52,swale,5,No.aspect Swale,no aspect,NA,small,no,NA,none,0,NA,NA,NA,NA,NA,NA,NA,NA,NA,89,NA,NA,2019,yes,yes,NA,19.291,95.424,29.698,43.912,15.487,41.884,245.696,3511,113.2580645,3262,105.2258065,3936,140.5714286,5836,188.2580645,7673,255.7666667,8100,261.2903226,32318,0,0,0,0,0
53,swale,5,No.aspect Swale,no aspect,NA,small,yes,NA,mild,12,NA,NA,NA,NA,NA,NA,NA,NA,NA,162,109,150,2019,yes,yes,12,19.291,95.424,29.698,43.912,15.487,41.884,245.696,3511,113.2580645,3262,105.2258065,3936,140.5714286,5836,188.2580645,7673,255.7666667,8100,261.2903226,32318,1,1,0,0,1
54,swale,5,No.aspect Swale,no aspect,NA,small,yes,NA,mild,52,NA,NA,NA,NA,NA,NA,NA,NA,NA,150,109,136,2019,yes,yes,14,19.291,95.424,29.698,43.912,15.487,41.884,245.696,3511,113.2580645,3262,105.2258065,3936,140.5714286,5836,188.2580645,7673,255.7666667,8100,261.2903226,32318,1,1,0,0,1
55,swale,5,No.aspect Swale,no aspect,NA,small,no,NA,none,0,NA,NA,NA,NA,NA,NA,NA,NA,NA,89,NA,NA,2019,yes,yes,NA,19.291,95.424,29.698,43.912,15.487,41.884,245.696,3511,113.2580645,3262,105.2258065,3936,140.5714286,5836,188.2580645,7673,255.7666667,8100,261.2903226,32318,0,0,0,0,0
56,swale,5,No.aspect Swale,no aspect,NA,small,yes,NA,mild,1,NA,NA,NA,NA,NA,NA,NA,NA,NA,162,136,162,2019,yes,yes,0,19.291,95.424,29.698,43.912,15.487,41.884,245.696,3511,113.2580645,3262,105.2258065,3936,140.5714286,5836,188.2580645,7673,255.7666667,8100,261.2903226,32318,3,3,0,0,3
57,swale,5,No.aspect Swale,no aspect,NA,small,no,NA,none,0,NA,NA,NA,NA,NA,NA,NA,NA,NA,63,NA,NA,2019,yes,yes,NA,19.291,95.424,29.698,43.912,15.487,41.884,245.696,3511,113.2580645,3262,105.2258065,3936,140.5714286,5836,188.2580645,7673,255.7666667,8100,261.2903226,32318,0,0,0,0,0
58,swale,5,No.aspect Swale,no aspect,NA,small,no,NA,none,0,NA,NA,NA,NA,NA,NA,NA,NA,NA,109,109,NA,2019,yes,yes,NA,19.291,95.424,29.698,43.912,15.487,41.884,245.696,3511,113.2580645,3262,105.2258065,3936,140.5714286,5836,188.2580645,7673,255.7666667,8100,261.2903226,32318,0,0,0,0,0
59,swale,5,No.aspect Swale,no aspect,NA,small,no,NA,none,14,NA,NA,NA,NA,NA,NA,NA,NA,NA,162,136,150,2019,yes,yes,0,19.291,95.424,29.698,43.912,15.487,41.884,245.696,3511,113.2580645,3262,105.2258065,3936,140.5714286,5836,188.2580645,7673,255.7666667,8100,261.2903226,32318,0,0,0,0,0
60,swale,5,No.aspect Swale,no aspect,NA,small,no,NA,none,0,NA,NA,NA,NA,NA,NA,NA,NA,NA,109,NA,NA,2019,yes,yes,NA,19.291,95.424,29.698,43.912,15.487,41.884,245.696,3511,113.2580645,3262,105.2258065,3936,140.5714286,5836,188.2580645,7673,255.7666667,8100,261.2903226,32318,0,0,0,0,0
61,swale,5,No.aspect Swale,no aspect,NA,small,yes,NA,mild,6,NA,NA,NA,NA,NA,NA,NA,NA,NA,150,109,150,2019,yes,yes,0,19.291,95.424,29.698,43.912,15.487,41.884,245.696,3511,113.2580645,3262,105.2258065,3936,140.5714286,5836,188.2580645,7673,255.7666667,8100,261.2903226,32318,3,3,0,0,3
62,swale,5,No.aspect Swale,no aspect,NA,small,no,NA,none,5,NA,NA,NA,NA,NA,NA,NA,NA,NA,162,109,150,2019,yes,yes,0,19.291,95.424,29.698,43.912,15.487,41.884,245.696,3511,113.2580645,3262,105.2258065,3936,140.5714286,5836,188.2580645,7673,255.7666667,8100,261.2903226,32318,0,0,0,0,0
63,swale,5,No.aspect Swale,no aspect,NA,small,yes,NA,moderate,0,NA,NA,NA,NA,NA,NA,NA,NA,NA,89,NA,NA,2019,yes,yes,NA,19.291,95.424,29.698,43.912,15.487,41.884,245.696,3511,113.2580645,3262,105.2258065,3936,140.5714286,5836,188.2580645,7673,255.7666667,8100,261.2903226,32318,2,4,0,0,4
64,swale,5,No.aspect Swale,no aspect,NA,small,no,NA,none,0,NA,NA,NA,NA,NA,NA,NA,NA,NA,162,NA,NA,2019,yes,yes,NA,19.291,95.424,29.698,43.912,15.487,41.884,245.696,3511,113.2580645,3262,105.2258065,3936,140.5714286,5836,188.2580645,7673,255.7666667,8100,261.2903226,32318,0,0,0,0,0
65,swale,5,No.aspect Swale,no aspect,NA,small,no,NA,none,3,NA,NA,NA,NA,NA,NA,NA,NA,NA,150,109,150,2019,yes,yes,0,19.291,95.424,29.698,43.912,15.487,41.884,245.696,3511,113.2580645,3262,105.2258065,3936,140.5714286,5836,188.2580645,7673,255.7666667,8100,261.2903226,32318,0,0,0,0,0
66,swale,5,No.aspect Swale,no aspect,NA,small,no,NA,none,0,NA,NA,NA,NA,NA,NA,NA,NA,NA,63,NA,NA,2019,yes,yes,NA,19.291,95.424,29.698,43.912,15.487,41.884,245.696,3511,113.2580645,3262,105.2258065,3936,140.5714286,5836,188.2580645,7673,255.7666667,8100,261.2903226,32318,0,0,0,0,0
67,swale,5,No.aspect Swale,no aspect,NA,small,no,NA,none,3,NA,NA,NA,NA,NA,NA,NA,NA,NA,150,109,150,2019,yes,yes,0,19.291,95.424,29.698,43.912,15.487,41.884,245.696,3511,113.2580645,3262,105.2258065,3936,140.5714286,5836,188.2580645,7673,255.7666667,8100,261.2903226,32318,0,0,0,0,0
68,swale,5,No.aspect Swale,no aspect,NA,small,no,NA,none,3,NA,NA,NA,NA,NA,NA,NA,NA,NA,150,109,150,2019,yes,yes,0,19.291,95.424,29.698,43.912,15.487,41.884,245.696,3511,113.2580645,3262,105.2258065,3936,140.5714286,5836,188.2580645,7673,255.7666667,8100,261.2903226,32318,0,0,0,0,0
69,swale,5,No.aspect Swale,no aspect,NA,small,no,NA,none,8,NA,NA,NA,NA,NA,NA,NA,NA,NA,150,109,150,2019,yes,yes,0,19.291,95.424,29.698,43.912,15.487,41.884,245.696,3511,113.2580645,3262,105.2258065,3936,140.5714286,5836,188.2580645,7673,255.7666667,8100,261.2903226,32318,0,0,0,0,0
70,swale,5,No.aspect Swale,no aspect,NA,small,yes,NA,mild,6,NA,NA,NA,NA,NA,NA,NA,NA,NA,150,109,150,2019,yes,yes,0,19.291,95.424,29.698,43.912,15.487,41.884,245.696,3511,113.2580645,3262,105.2258065,3936,140.5714286,5836,188.2580645,7673,255.7666667,8100,261.2903226,32318,1,1,0,0,1
71,swale,5,No.aspect Swale,no aspect,NA,small,no,NA,none,0,NA,NA,NA,NA,NA,NA,NA,NA,NA,63,NA,NA,2019,yes,yes,NA,19.291,95.424,29.698,43.912,15.487,41.884,245.696,3511,113.2580645,3262,105.2258065,3936,140.5714286,5836,188.2580645,7673,255.7666667,8100,261.2903226,32318,0,0,0,0,0
72,swale,5,No.aspect Swale,no aspect,NA,small,no,NA,none,6,NA,NA,NA,NA,NA,NA,NA,NA,NA,150,109,150,2019,yes,yes,0,19.291,95.424,29.698,43.912,15.487,41.884,245.696,3511,113.2580645,3262,105.2258065,3936,140.5714286,5836,188.2580645,7673,255.7666667,8100,261.2903226,32318,0,0,0,0,0
73,swale,5,No.aspect Swale,no aspect,NA,small,no,NA,none,4,NA,NA,NA,NA,NA,NA,NA,NA,NA,162,109,150,2019,yes,yes,12,19.291,95.424,29.698,43.912,15.487,41.884,245.696,3511,113.2580645,3262,105.2258065,3936,140.5714286,5836,188.2580645,7673,255.7666667,8100,261.2903226,32318,0,0,0,0,0
74,swale,5,No.aspect Swale,no aspect,NA,small,yes,NA,mild,22,NA,NA,NA,NA,NA,NA,NA,NA,NA,162,109,150,2019,yes,yes,12,19.291,95.424,29.698,43.912,15.487,41.884,245.696,3511,113.2580645,3262,105.2258065,3936,140.5714286,5836,188.2580645,7673,255.7666667,8100,261.2903226,32318,2,2,0,0,2
75,swale,5,No.aspect Swale,no aspect,NA,small,no,NA,none,0,NA,NA,NA,NA,NA,NA,NA,NA,NA,63,NA,NA,2019,yes,yes,NA,19.291,95.424,29.698,43.912,15.487,41.884,245.696,3511,113.2580645,3262,105.2258065,3936,140.5714286,5836,188.2580645,7673,255.7666667,8100,261.2903226,32318,0,0,0,0,0
76,swale,5,No.aspect Swale,no aspect,NA,small,no,NA,none,27,NA,NA,NA,NA,NA,NA,NA,NA,NA,162,109,150,2019,yes,yes,12,19.291,95.424,29.698,43.912,15.487,41.884,245.696,3511,113.2580645,3262,105.2258065,3936,140.5714286,5836,188.2580645,7673,255.7666667,8100,261.2903226,32318,0,0,0,0,0
77,swale,5,No.aspect Swale,no aspect,NA,small,yes,NA,mild,4,NA,NA,NA,NA,NA,NA,NA,NA,NA,150,109,150,2019,yes,yes,0,19.291,95.424,29.698,43.912,15.487,41.884,245.696,3511,113.2580645,3262,105.2258065,3936,140.5714286,5836,188.2580645,7673,255.7666667,8100,261.2903226,32318,2,2,0,0,2
78,swale,5,No.aspect Swale,no aspect,NA,small,yes,NA,mild,15,NA,NA,NA,NA,NA,NA,NA,NA,NA,162,109,150,2019,yes,yes,12,19.291,95.424,29.698,43.912,15.487,41.884,245.696,3511,113.2580645,3262,105.2258065,3936,140.5714286,5836,188.2580645,7673,255.7666667,8100,261.2903226,32318,2,2,0,0,2
79,swale,5,No.aspect Swale,no aspect,NA,small,no,NA,none,8,NA,NA,NA,NA,NA,NA,NA,NA,NA,150,109,150,2019,yes,yes,0,19.291,95.424,29.698,43.912,15.487,41.884,245.696,3511,113.2580645,3262,105.2258065,3936,140.5714286,5836,188.2580645,7673,255.7666667,8100,261.2903226,32318,0,0,0,0,0
80,swale,5,No.aspect Swale,no aspect,NA,small,no,NA,none,52,NA,NA,NA,NA,NA,NA,NA,NA,NA,163,91,118,2019,yes,yes,45,19.291,95.424,29.698,43.912,15.487,41.884,245.696,3511,113.2580645,3262,105.2258065,3936,140.5714286,5836,188.2580645,7673,255.7666667,8100,261.2903226,32318,0,0,0,0,0
81,swale,5,No.aspect Swale,no aspect,NA,small,no,NA,none,3,NA,NA,NA,NA,NA,NA,NA,NA,NA,144,91,132,2019,yes,yes,12,19.291,95.424,29.698,43.912,15.487,41.884,245.696,3511,113.2580645,3262,105.2258065,3936,140.5714286,5836,188.2580645,7673,255.7666667,8100,261.2903226,32318,0,0,0,0,0
82,swale,5,No.aspect Swale,no aspect,NA,small,no,NA,none,8,NA,NA,NA,NA,NA,NA,NA,NA,NA,132,91,118,2019,yes,yes,14,19.291,95.424,29.698,43.912,15.487,41.884,245.696,3511,113.2580645,3262,105.2258065,3936,140.5714286,5836,188.2580645,7673,255.7666667,8100,261.2903226,32318,0,0,0,0,0
83,swale,5,No.aspect Swale,no aspect,NA,small,yes,NA,mild,3,NA,NA,NA,NA,NA,NA,NA,NA,NA,144,102,132,2019,yes,yes,12,19.291,95.424,29.698,43.912,15.487,41.884,245.696,3511,113.2580645,3262,105.2258065,3936,140.5714286,5836,188.2580645,7673,255.7666667,8100,261.2903226,32318,1,1,0,0,1
84,swale,5,No.aspect Swale,no aspect,NA,small,no,NA,none,0,NA,NA,NA,NA,NA,NA,NA,NA,NA,102,91,NA,2019,yes,yes,NA,19.291,95.424,29.698,43.912,15.487,41.884,245.696,3511,113.2580645,3262,105.2258065,3936,140.5714286,5836,188.2580645,7673,255.7666667,8100,261.2903226,32318,0,0,0,0,0
85,swale,5,No.aspect Swale,no aspect,NA,small,no,NA,none,10,NA,NA,NA,NA,NA,NA,NA,NA,NA,163,102,132,2019,yes,yes,31,19.291,95.424,29.698,43.912,15.487,41.884,245.696,3511,113.2580645,3262,105.2258065,3936,140.5714286,5836,188.2580645,7673,255.7666667,8100,261.2903226,32318,0,0,0,0,0
86,swale,5,No.aspect Swale,no aspect,NA,small,yes,NA,mild,44,NA,NA,NA,NA,NA,NA,NA,NA,NA,132,91,132,2019,yes,yes,31,19.291,95.424,29.698,43.912,15.487,41.884,245.696,3511,113.2580645,3262,105.2258065,3936,140.5714286,5836,188.2580645,7673,255.7666667,8100,261.2903226,32318,2,2,0,0,2
87,swale,5,No.aspect Swale,no aspect,NA,small,yes,NA,mild,20,NA,NA,NA,NA,NA,NA,NA,NA,NA,132,91,118,2019,yes,yes,0,19.291,95.424,29.698,43.912,15.487,41.884,245.696,3511,113.2580645,3262,105.2258065,3936,140.5714286,5836,188.2580645,7673,255.7666667,8100,261.2903226,32318,1,1,0,0,1
88,swale,5,No.aspect Swale,no aspect,NA,small,no,NA,none,0,NA,NA,NA,NA,NA,NA,NA,NA,NA,91,91,NA,2019,yes,yes,NA,19.291,95.424,29.698,43.912,15.487,41.884,245.696,3511,113.2580645,3262,105.2258065,3936,140.5714286,5836,188.2580645,7673,255.7666667,8100,261.2903226,32318,0,0,0,0,0
89,swale,5,No.aspect Swale,no aspect,NA,small,no,NA,none,13,NA,NA,NA,NA,NA,NA,NA,NA,NA,118,91,118,2019,yes,yes,0,19.291,95.424,29.698,43.912,15.487,41.884,245.696,3511,113.2580645,3262,105.2258065,3936,140.5714286,5836,188.2580645,7673,255.7666667,8100,261.2903226,32318,0,0,0,0,0
90,swale,5,No.aspect Swale,no aspect,NA,small,no,NA,none,0,NA,NA,NA,NA,NA,NA,NA,NA,NA,91,71,NA,2019,yes,yes,NA,19.291,95.424,29.698,43.912,15.487,41.884,245.696,3511,113.2580645,3262,105.2258065,3936,140.5714286,5836,188.2580645,7673,255.7666667,8100,261.2903226,32318,0,0,0,0,0
91,swale,5,No.aspect Swale,no aspect,NA,small,no,NA,none,16,NA,NA,NA,NA,NA,NA,NA,NA,NA,132,91,118,2019,yes,yes,14,19.291,95.424,29.698,43.912,15.487,41.884,245.696,3511,113.2580645,3262,105.2258065,3936,140.5714286,5836,188.2580645,7673,255.7666667,8100,261.2903226,32318,0,0,0,0,0
92,swale,5,No.aspect Swale,no aspect,NA,small,no,NA,none,49,NA,NA,NA,NA,NA,NA,NA,NA,NA,132,102,132,2019,yes,yes,0,19.291,95.424,29.698,43.912,15.487,41.884,245.696,3511,113.2580645,3262,105.2258065,3936,140.5714286,5836,188.2580645,7673,255.7666667,8100,261.2903226,32318,0,0,0,0,0
93,swale,5,No.aspect Swale,no aspect,NA,small,yes,NA,mild,21,NA,NA,NA,NA,NA,NA,NA,NA,NA,144,91,118,2019,yes,yes,26,19.291,95.424,29.698,43.912,15.487,41.884,245.696,3511,113.2580645,3262,105.2258065,3936,140.5714286,5836,188.2580645,7673,255.7666667,8100,261.2903226,32318,2,2,0,0,2
94,swale,5,No.aspect Swale,no aspect,NA,small,no,NA,none,0,NA,NA,NA,NA,NA,NA,NA,NA,NA,102,NA,NA,2019,yes,yes,NA,19.291,95.424,29.698,43.912,15.487,41.884,245.696,3511,113.2580645,3262,105.2258065,3936,140.5714286,5836,188.2580645,7673,255.7666667,8100,261.2903226,32318,0,0,0,0,0
95,swale,5,No.aspect Swale,no aspect,NA,small,no,NA,none,21,NA,NA,NA,NA,NA,NA,NA,NA,NA,132,91,132,2019,yes,yes,0,19.291,95.424,29.698,43.912,15.487,41.884,245.696,3511,113.2580645,3262,105.2258065,3936,140.5714286,5836,188.2580645,7673,255.7666667,8100,261.2903226,32318,0,0,0,0,0
96,swale,5,No.aspect Swale,no aspect,NA,small,no,NA,none,0,NA,NA,NA,NA,NA,NA,NA,NA,NA,91,NA,NA,2019,yes,yes,NA,19.291,95.424,29.698,43.912,15.487,41.884,245.696,3511,113.2580645,3262,105.2258065,3936,140.5714286,5836,188.2580645,7673,255.7666667,8100,261.2903226,32318,0,0,0,0,0
97,swale,5,No.aspect Swale,no aspect,NA,small,yes,NA,mild,6,NA,NA,NA,NA,NA,NA,NA,NA,NA,132,NA,132,2019,yes,yes,0,19.291,95.424,29.698,43.912,15.487,41.884,245.696,3511,113.2580645,3262,105.2258065,3936,140.5714286,5836,188.2580645,7673,255.7666667,8100,261.2903226,32318,2,2,0,0,2
98,swale,5,No.aspect Swale,no aspect,NA,small,yes,NA,mild,8,NA,NA,NA,NA,NA,NA,NA,NA,NA,144,91,132,2019,yes,yes,12,19.291,95.424,29.698,43.912,15.487,41.884,245.696,3511,113.2580645,3262,105.2258065,3936,140.5714286,5836,188.2580645,7673,255.7666667,8100,261.2903226,32318,1.5,3,0,0,3
99,swale,5,No.aspect Swale,no aspect,NA,small,yes,NA,mild,5,NA,NA,NA,NA,NA,NA,NA,NA,NA,132,91,132,2019,yes,yes,0,19.291,95.424,29.698,43.912,15.487,41.884,245.696,3511,113.2580645,3262,105.2258065,3936,140.5714286,5836,188.2580645,7673,255.7666667,8100,261.2903226,32318,1,1,0,0,1
100,swale,5,No.aspect Swale,no aspect,NA,small,yes,NA,mild,10,NA,NA,NA,NA,NA,NA,NA,NA,NA,132,NA,132,2019,yes,yes,0,19.291,95.424,29.698,43.912,15.487,41.884,245.696,3511,113.2580645,3262,105.2258065,3936,140.5714286,5836,188.2580645,7673,255.7666667,8100,261.2903226,32318,2,2,0,0,2
101,swale,5,No.aspect Swale,no aspect,NA,small,yes,NA,mild,43,NA,NA,NA,NA,NA,NA,NA,NA,NA,132,91,118,2019,yes,yes,14,19.291,95.424,29.698,43.912,15.487,41.884,245.696,3511,113.2580645,3262,105.2258065,3936,140.5714286,5836,188.2580645,7673,255.7666667,8100,261.2903226,32318,3,3,0,0,3
102,swale,5,No.aspect Swale,no aspect,NA,small,yes,NA,mild,19,NA,NA,NA,NA,NA,NA,NA,NA,NA,132,91,118,2019,yes,yes,14,19.291,95.424,29.698,43.912,15.487,41.884,245.696,3511,113.2580645,3262,105.2258065,3936,140.5714286,5836,188.2580645,7673,255.7666667,8100,261.2903226,32318,1,1,1,1,2
103,swale,5,No.aspect Swale,no aspect,NA,small,no,NA,none,0,NA,NA,NA,NA,NA,NA,NA,NA,NA,118,91,NA,2019,yes,yes,NA,19.291,95.424,29.698,43.912,15.487,41.884,245.696,3511,113.2580645,3262,105.2258065,3936,140.5714286,5836,188.2580645,7673,255.7666667,8100,261.2903226,32318,0,0,0,0,0
104,swale,5,No.aspect Swale,no aspect,NA,small,no,NA,none,18,NA,NA,NA,NA,NA,NA,NA,NA,NA,132,91,118,2019,yes,yes,14,19.291,95.424,29.698,43.912,15.487,41.884,245.696,3511,113.2580645,3262,105.2258065,3936,140.5714286,5836,188.2580645,7673,255.7666667,8100,261.2903226,32318,0,0,0,0,0
105,swale,5,No.aspect Swale,no aspect,NA,small,no,NA,none,38,NA,NA,NA,NA,NA,NA,NA,NA,NA,163,91,118,2019,yes,yes,14,19.291,95.424,29.698,43.912,15.487,41.884,245.696,3511,113.2580645,3262,105.2258065,3936,140.5714286,5836,188.2580645,7673,255.7666667,8100,261.2903226,32318,0,0,0,0,0
106,swale,5,No.aspect Swale,no aspect,NA,small,no,NA,none,0,NA,NA,NA,NA,NA,NA,NA,NA,NA,45,NA,NA,2019,yes,yes,NA,19.291,95.424,29.698,43.912,15.487,41.884,245.696,3511,113.2580645,3262,105.2258065,3936,140.5714286,5836,188.2580645,7673,255.7666667,8100,261.2903226,32318,0,0,0,0,0
107,swale,5,No.aspect Swale,no aspect,NA,small,no,NA,none,0,NA,NA,NA,NA,NA,NA,NA,NA,NA,58,NA,NA,2019,yes,yes,NA,19.291,95.424,29.698,43.912,15.487,41.884,245.696,3511,113.2580645,3262,105.2258065,3936,140.5714286,5836,188.2580645,7673,255.7666667,8100,261.2903226,32318,0,0,0,0,0
108,swale,5,No.aspect Swale,no aspect,NA,small,yes,NA,moderate,20,NA,NA,NA,NA,NA,NA,NA,NA,NA,132,91,118,2019,yes,yes,14,19.291,95.424,29.698,43.912,15.487,41.884,245.696,3511,113.2580645,3262,105.2258065,3936,140.5714286,5836,188.2580645,7673,255.7666667,8100,261.2903226,32318,2,4,0,0,4
109,swale,5,No.aspect Swale,no aspect,NA,small,yes,NA,mild,0,NA,NA,NA,NA,NA,NA,NA,NA,NA,45,NA,NA,2019,yes,yes,NA,19.291,95.424,29.698,43.912,15.487,41.884,245.696,3511,113.2580645,3262,105.2258065,3936,140.5714286,5836,188.2580645,7673,255.7666667,8100,261.2903226,32318,2,2,0,0,2
110,steep,1,North Steep,north,NA,small,yes,NA,mild,0,NA,NA,NA,NA,NA,NA,NA,NA,NA,120,89,NA,2019,yes,yes,NA,19.291,95.424,29.698,43.912,15.487,41.884,245.696,3511,113.2580645,3262,105.2258065,3936,140.5714286,5836,188.2580645,7673,255.7666667,8100,261.2903226,32318,1,1,0,0,1
111,steep,1,North Steep,north,NA,small,no,NA,none,0,NA,NA,NA,NA,NA,NA,NA,NA,NA,109,89,NA,2019,yes,yes,NA,19.291,95.424,29.698,43.912,15.487,41.884,245.696,3511,113.2580645,3262,105.2258065,3936,140.5714286,5836,188.2580645,7673,255.7666667,8100,261.2903226,32318,0,0,0,0,0
112,steep,1,North Steep,north,NA,small,no,NA,none,0,NA,NA,NA,NA,NA,NA,NA,NA,NA,18,NA,NA,2019,yes,yes,NA,19.291,95.424,29.698,43.912,15.487,41.884,245.696,3511,113.2580645,3262,105.2258065,3936,140.5714286,5836,188.2580645,7673,255.7666667,8100,261.2903226,32318,0,0,0,0,0
113,steep,6,South Steep,south,NA,big,yes,NA,mild,0,NA,NA,NA,NA,NA,NA,NA,NA,NA,102,91,NA,2019,yes,yes,NA,19.291,95.424,29.698,43.912,15.487,41.884,245.696,3511,113.2580645,3262,105.2258065,3936,140.5714286,5836,188.2580645,7673,255.7666667,8100,261.2903226,32318,1,1,0,0,1
114,steep,5,South Steep,south,NA,big,no,NA,none,7,NA,NA,NA,NA,NA,NA,NA,NA,NA,150,109,136,2019,yes,yes,14,19.291,95.424,29.698,43.912,15.487,41.884,245.696,3511,113.2580645,3262,105.2258065,3936,140.5714286,5836,188.2580645,7673,255.7666667,8100,261.2903226,32318,0,0,0,0,0
115,steep,5,South Steep,south,NA,big,yes,NA,mild,5,NA,NA,NA,NA,NA,NA,NA,NA,NA,150,109,136,2019,yes,yes,14,19.291,95.424,29.698,43.912,15.487,41.884,245.696,3511,113.2580645,3262,105.2258065,3936,140.5714286,5836,188.2580645,7673,255.7666667,8100,261.2903226,32318,1,1,0,0,1
116,steep,5,South Steep,south,NA,big,yes,NA,mild,36,NA,NA,NA,NA,NA,NA,NA,NA,NA,150,109,136,2019,no,yes,14,19.291,95.424,29.698,43.912,15.487,41.884,245.696,3511,113.2580645,3262,105.2258065,3936,140.5714286,5836,188.2580645,7673,255.7666667,8100,261.2903226,32318,1,1,0,0,1
117,steep,5,South Steep,south,NA,big,no,NA,none,0,NA,NA,NA,NA,NA,NA,NA,NA,NA,63,NA,NA,2019,no,yes,NA,19.291,95.424,29.698,43.912,15.487,41.884,245.696,3511,113.2580645,3262,105.2258065,3936,140.5714286,5836,188.2580645,7673,255.7666667,8100,261.2903226,32318,0,0,0,0,0
119,gentle,3,South Gentle,south,NA,small,yes,NA,mild,205,NA,NA,NA,NA,NA,NA,NA,NA,NA,120,67,94,2019,yes,yes,26,19.291,95.424,29.698,43.912,15.487,41.884,245.696,3511,113.2580645,3262,105.2258065,3936,140.5714286,5836,188.2580645,7673,255.7666667,8100,261.2903226,32318,1,2,0,0,2
120,gentle,3,South Gentle,south,NA,small,no,NA,none,101,NA,NA,NA,NA,NA,NA,NA,NA,NA,120,78,94,2019,yes,yes,26,19.291,95.424,29.698,43.912,15.487,41.884,245.696,3511,113.2580645,3262,105.2258065,3936,140.5714286,5836,188.2580645,7673,255.7666667,8100,261.2903226,32318,0,0,0,0,0
121,gentle,3,South Gentle,south,NA,small,yes,NA,moderate,23,NA,NA,NA,NA,NA,NA,NA,NA,NA,120,67,94,2019,yes,yes,26,19.291,95.424,29.698,43.912,15.487,41.884,245.696,3511,113.2580645,3262,105.2258065,3936,140.5714286,5836,188.2580645,7673,255.7666667,8100,261.2903226,32318,2,4,0,0,4
122,gentle,3,South Gentle,south,NA,small,no,NA,none,0,NA,NA,NA,NA,NA,NA,NA,NA,NA,47,NA,NA,2019,yes,yes,NA,19.291,95.424,29.698,43.912,15.487,41.884,245.696,3511,113.2580645,3262,105.2258065,3936,140.5714286,5836,188.2580645,7673,255.7666667,8100,261.2903226,32318,0,0,0,0,0
123,swale,3,No.aspect Swale,no aspect,NA,small,no,NA,none,0,NA,NA,NA,NA,NA,NA,NA,NA,NA,78,67,NA,2019,yes,yes,NA,19.291,95.424,29.698,43.912,15.487,41.884,245.696,3511,113.2580645,3262,105.2258065,3936,140.5714286,5836,188.2580645,7673,255.7666667,8100,261.2903226,32318,0,0,0,0,0
124,swale,3,No.aspect Swale,no aspect,NA,small,yes,NA,mild,0,NA,NA,NA,NA,NA,NA,NA,NA,NA,139,67,NA,2019,yes,yes,NA,19.291,95.424,29.698,43.912,15.487,41.884,245.696,3511,113.2580645,3262,105.2258065,3936,140.5714286,5836,188.2580645,7673,255.7666667,8100,261.2903226,32318,2,2,0,0,2
125,steep,5,South Steep,south,NA,big,no,NA,none,0,NA,NA,NA,NA,NA,NA,NA,NA,NA,78,78,NA,2019,yes,yes,NA,19.291,95.424,29.698,43.912,15.487,41.884,245.696,3511,113.2580645,3262,105.2258065,3936,140.5714286,5836,188.2580645,7673,255.7666667,8100,261.2903226,32318,0,0,0,0,0
126,steep,4,South Steep,south,NA,small,no,NA,none,74,NA,NA,NA,NA,NA,NA,NA,NA,NA,108,47,67,2019,yes,yes,41,19.291,95.424,29.698,43.912,15.487,41.884,245.696,3511,113.2580645,3262,105.2258065,3936,140.5714286,5836,188.2580645,7673,255.7666667,8100,261.2903226,32318,0,0,0,0,0
127,steep,4,South Steep,south,NA,small,yes,NA,moderate,60,NA,NA,NA,NA,NA,NA,NA,NA,NA,94,34,67,2019,no,yes,27,19.291,95.424,29.698,43.912,15.487,41.884,245.696,3511,113.2580645,3262,105.2258065,3936,140.5714286,5836,188.2580645,7673,255.7666667,8100,261.2903226,32318,2,4,0,0,4
128,steep,4,South Steep,south,NA,small,yes,NA,mild,23,NA,NA,NA,NA,NA,NA,NA,NA,NA,94,67,67,2019,no,yes,27,19.291,95.424,29.698,43.912,15.487,41.884,245.696,3511,113.2580645,3262,105.2258065,3936,140.5714286,5836,188.2580645,7673,255.7666667,8100,261.2903226,32318,3,3,0,0,3
129,steep,4,South Steep,south,NA,small,yes,NA,moderate,23,NA,NA,NA,NA,NA,NA,NA,NA,NA,94,47,67,2019,no,yes,27,19.291,95.424,29.698,43.912,15.487,41.884,245.696,3511,113.2580645,3262,105.2258065,3936,140.5714286,5836,188.2580645,7673,255.7666667,8100,261.2903226,32318,1,1,3,3,4
130,steep,4,South Steep,south,NA,small,no,NA,none,0,NA,NA,NA,NA,NA,NA,NA,NA,NA,67,67,NA,2019,no,yes,NA,19.291,95.424,29.698,43.912,15.487,41.884,245.696,3511,113.2580645,3262,105.2258065,3936,140.5714286,5836,188.2580645,7673,255.7666667,8100,261.2903226,32318,0,0,0,0,0
131,steep,4,South Steep,south,NA,small,yes,NA,moderate,8,NA,NA,NA,NA,NA,NA,NA,NA,NA,94,67,94,2019,no,yes,0,19.291,95.424,29.698,43.912,15.487,41.884,245.696,3511,113.2580645,3262,105.2258065,3936,140.5714286,5836,188.2580645,7673,255.7666667,8100,261.2903226,32318,3,6,0,0,6
132,steep,4,South Steep,south,NA,small,no,NA,none,0,NA,NA,NA,NA,NA,NA,NA,NA,NA,67,NA,NA,2019,no,yes,NA,19.291,95.424,29.698,43.912,15.487,41.884,245.696,3511,113.2580645,3262,105.2258065,3936,140.5714286,5836,188.2580645,7673,255.7666667,8100,261.2903226,32318,0,0,0,0,0
133,steep,1,North Steep,north,NA,small,no,NA,none,0,NA,NA,NA,NA,NA,NA,NA,NA,NA,67,NA,NA,2019,yes,yes,NA,19.291,95.424,29.698,43.912,15.487,41.884,245.696,3511,113.2580645,3262,105.2258065,3936,140.5714286,5836,188.2580645,7673,255.7666667,8100,261.2903226,32318,0,0,0,0,0
134,steep,1,North Steep,north,NA,small,no,NA,none,0,NA,NA,NA,NA,NA,NA,NA,NA,NA,78,67,NA,2019,yes,yes,NA,19.291,95.424,29.698,43.912,15.487,41.884,245.696,3511,113.2580645,3262,105.2258065,3936,140.5714286,5836,188.2580645,7673,255.7666667,8100,261.2903226,32318,0,0,0,0,0
135,steep,1,North Steep,north,NA,small,yes,NA,severe,11,NA,NA,NA,NA,NA,NA,NA,NA,NA,120,67,94,2019,no,yes,26,19.291,95.424,29.698,43.912,15.487,41.884,245.696,3511,113.2580645,3262,105.2258065,3936,140.5714286,5836,188.2580645,7673,255.7666667,8100,261.2903226,32318,2,4,3,3,7
136,steep,1,North Steep,north,NA,small,yes,NA,moderate,61,NA,NA,NA,NA,NA,NA,NA,NA,NA,139,67,108,2019,no,yes,31,19.291,95.424,29.698,43.912,15.487,41.884,245.696,3511,113.2580645,3262,105.2258065,3936,140.5714286,5836,188.2580645,7673,255.7666667,8100,261.2903226,32318,1,1,3,3,4
137,steep,1,North Steep,north,NA,small,yes,NA,moderate,14,NA,NA,NA,NA,NA,NA,NA,NA,NA,108,67,108,2019,no,yes,0,19.291,95.424,29.698,43.912,15.487,41.884,245.696,3511,113.2580645,3262,105.2258065,3936,140.5714286,5836,188.2580645,7673,255.7666667,8100,261.2903226,32318,1,2,2,2,4
138,steep,1,North Steep,north,NA,small,yes,NA,mild,4,NA,NA,NA,NA,NA,NA,NA,NA,NA,108,67,108,2019,no,yes,0,19.291,95.424,29.698,43.912,15.487,41.884,245.696,3511,113.2580645,3262,105.2258065,3936,140.5714286,5836,188.2580645,7673,255.7666667,8100,261.2903226,32318,0,0,3,3,3
139,steep,1,North Steep,north,NA,small,no,NA,none,0,NA,NA,NA,NA,NA,NA,NA,NA,NA,78,67,NA,2019,no,yes,NA,19.291,95.424,29.698,43.912,15.487,41.884,245.696,3511,113.2580645,3262,105.2258065,3936,140.5714286,5836,188.2580645,7673,255.7666667,8100,261.2903226,32318,0,0,0,0,0
140,steep,1,North Steep,north,NA,small,no,NA,none,1,NA,NA,NA,NA,NA,NA,NA,NA,NA,94,67,94,2019,no,yes,0,19.291,95.424,29.698,43.912,15.487,41.884,245.696,3511,113.2580645,3262,105.2258065,3936,140.5714286,5836,188.2580645,7673,255.7666667,8100,261.2903226,32318,0,0,0,0,0
141,steep,1,North Steep,north,NA,small,yes,NA,mild,0,NA,NA,NA,NA,NA,NA,NA,NA,NA,120,67,NA,2019,no,yes,NA,19.291,95.424,29.698,43.912,15.487,41.884,245.696,3511,113.2580645,3262,105.2258065,3936,140.5714286,5836,188.2580645,7673,255.7666667,8100,261.2903226,32318,0,0,3,3,3
142,steep,1,North Steep,north,NA,small,yes,NA,moderate,8,NA,NA,NA,NA,NA,NA,NA,NA,NA,120,67,108,2019,no,yes,12,19.291,95.424,29.698,43.912,15.487,41.884,245.696,3511,113.2580645,3262,105.2258065,3936,140.5714286,5836,188.2580645,7673,255.7666667,8100,261.2903226,32318,1,4,2,2,6
143,steep,1,North Steep,north,NA,small,yes,NA,mild,30,NA,NA,NA,NA,NA,NA,NA,NA,NA,120,78,108,2019,no,yes,12,19.291,95.424,29.698,43.912,15.487,41.884,245.696,3511,113.2580645,3262,105.2258065,3936,140.5714286,5836,188.2580645,7673,255.7666667,8100,261.2903226,32318,0,0,3,3,3
144,steep,1,North Steep,north,NA,small,yes,NA,mild,36,NA,NA,NA,NA,NA,NA,NA,NA,NA,120,67,108,2019,no,yes,0,19.291,95.424,29.698,43.912,15.487,41.884,245.696,3511,113.2580645,3262,105.2258065,3936,140.5714286,5836,188.2580645,7673,255.7666667,8100,261.2903226,32318,0,0,2,2,2
145,steep,1,North Steep,north,NA,small,yes,NA,moderate,28,NA,NA,NA,NA,NA,NA,NA,NA,NA,120,67,94,2019,no,yes,14,19.291,95.424,29.698,43.912,15.487,41.884,245.696,3511,113.2580645,3262,105.2258065,3936,140.5714286,5836,188.2580645,7673,255.7666667,8100,261.2903226,32318,1,4,1,1,5
146,steep,1,North Steep,north,NA,small,yes,NA,moderate,2,NA,NA,NA,NA,NA,NA,NA,NA,NA,108,67,94,2019,no,yes,0,19.291,95.424,29.698,43.912,15.487,41.884,245.696,3511,113.2580645,3262,105.2258065,3936,140.5714286,5836,188.2580645,7673,255.7666667,8100,261.2903226,32318,2,6,0,0,6
147,steep,1,North Steep,north,NA,small,yes,NA,mild,0,NA,NA,NA,NA,NA,NA,NA,NA,NA,120,67,NA,2019,no,yes,NA,19.291,95.424,29.698,43.912,15.487,41.884,245.696,3511,113.2580645,3262,105.2258065,3936,140.5714286,5836,188.2580645,7673,255.7666667,8100,261.2903226,32318,1,1,0,0,1
148,ridge,1,No.aspect Ridge,no aspect,NA,small,no,NA,none,113,NA,NA,NA,NA,NA,NA,NA,NA,NA,108,47,94,2019,yes,yes,14,19.291,95.424,29.698,43.912,15.487,41.884,245.696,3511,113.2580645,3262,105.2258065,3936,140.5714286,5836,188.2580645,7673,255.7666667,8100,261.2903226,32318,0,0,0,0,0
149,ridge,1,No.aspect Ridge,no aspect,NA,small,yes,NA,mild,0,NA,NA,NA,NA,NA,NA,NA,NA,NA,47,NA,NA,2019,yes,yes,NA,19.291,95.424,29.698,43.912,15.487,41.884,245.696,3511,113.2580645,3262,105.2258065,3936,140.5714286,5836,188.2580645,7673,255.7666667,8100,261.2903226,32318,2,2,0,0,2
150,ridge,1,No.aspect Ridge,no aspect,NA,small,no,NA,none,19,NA,NA,NA,NA,NA,NA,NA,NA,NA,108,67,78,2019,yes,yes,30,19.291,95.424,29.698,43.912,15.487,41.884,245.696,3511,113.2580645,3262,105.2258065,3936,140.5714286,5836,188.2580645,7673,255.7666667,8100,261.2903226,32318,0,0,0,0,0
151,ridge,1,No.aspect Ridge,no aspect,NA,small,no,NA,none,0,NA,NA,NA,NA,NA,NA,NA,NA,NA,78,NA,NA,2019,yes,yes,NA,19.291,95.424,29.698,43.912,15.487,41.884,245.696,3511,113.2580645,3262,105.2258065,3936,140.5714286,5836,188.2580645,7673,255.7666667,8100,261.2903226,32318,0,0,0,0,0
152,gentle,2,South Gentle,south,NA,small,yes,NA,mild,54,NA,NA,NA,NA,NA,NA,NA,NA,NA,87,46,73,2019,yes,yes,14,19.291,95.424,29.698,43.912,15.487,41.884,245.696,3511,113.2580645,3262,105.2258065,3936,140.5714286,5836,188.2580645,7673,255.7666667,8100,261.2903226,32318,1,1,0,0,1
153,swale,5,No.aspect Swale,no aspect,NA,small,no,NA,none,9,NA,NA,NA,NA,NA,NA,NA,NA,NA,99,46,87,2019,yes,yes,12,19.291,95.424,29.698,43.912,15.487,41.884,245.696,3511,113.2580645,3262,105.2258065,3936,140.5714286,5836,188.2580645,7673,255.7666667,8100,261.2903226,32318,0,0,0,0,0
154,swale,5,No.aspect Swale,no aspect,NA,small,no,NA,none,0,NA,NA,NA,NA,NA,NA,NA,NA,NA,46,46,NA,2019,yes,yes,NA,19.291,95.424,29.698,43.912,15.487,41.884,245.696,3511,113.2580645,3262,105.2258065,3936,140.5714286,5836,188.2580645,7673,255.7666667,8100,261.2903226,32318,0,0,0,0,0
155,swale,5,No.aspect Swale,no aspect,NA,small,yes,NA,mild,0,NA,NA,NA,NA,NA,NA,NA,NA,NA,26,NA,NA,2019,yes,yes,NA,19.291,95.424,29.698,43.912,15.487,41.884,245.696,3511,113.2580645,3262,105.2258065,3936,140.5714286,5836,188.2580645,7673,255.7666667,8100,261.2903226,32318,1,1,0,0,1
156,swale,5,No.aspect Swale,no aspect,NA,small,no,NA,none,0,NA,NA,NA,NA,NA,NA,NA,NA,NA,26,NA,NA,2019,yes,yes,NA,19.291,95.424,29.698,43.912,15.487,41.884,245.696,3511,113.2580645,3262,105.2258065,3936,140.5714286,5836,188.2580645,7673,255.7666667,8100,261.2903226,32318,0,0,0,0,0
157,swale,5,No.aspect Swale,no aspect,NA,small,yes,NA,mild,0,NA,NA,NA,NA,NA,NA,NA,NA,NA,26,NA,NA,2019,yes,yes,NA,19.291,95.424,29.698,43.912,15.487,41.884,245.696,3511,113.2580645,3262,105.2258065,3936,140.5714286,5836,188.2580645,7673,255.7666667,8100,261.2903226,32318,1,1,0,0,1
158,swale,5,No.aspect Swale,no aspect,NA,small,yes,NA,mild,18,NA,NA,NA,NA,NA,NA,NA,NA,NA,99,46,73,2019,yes,yes,26,19.291,95.424,29.698,43.912,15.487,41.884,245.696,3511,113.2580645,3262,105.2258065,3936,140.5714286,5836,188.2580645,7673,255.7666667,8100,261.2903226,32318,1,2,0,0,2
159,steep,6,South Steep,south,NA,big,yes,NA,mild,6,NA,NA,NA,NA,NA,NA,NA,NA,NA,73,46,57,2019,no,yes,16,19.291,95.424,29.698,43.912,15.487,41.884,245.696,3511,113.2580645,3262,105.2258065,3936,140.5714286,5836,188.2580645,7673,255.7666667,8100,261.2903226,32318,1.5,3,0,0,3
160,steep,6,South Steep,south,NA,big,no,NA,none,3,NA,NA,NA,NA,NA,NA,NA,NA,NA,57,46,57,2019,no,yes,0,19.291,95.424,29.698,43.912,15.487,41.884,245.696,3511,113.2580645,3262,105.2258065,3936,140.5714286,5836,188.2580645,7673,255.7666667,8100,261.2903226,32318,0,0,0,0,0
161,steep,5,South Steep,south,NA,big,no,NA,none,11,NA,NA,NA,NA,NA,NA,NA,NA,NA,87,46,73,2019,no,yes,14,19.291,95.424,29.698,43.912,15.487,41.884,245.696,3511,113.2580645,3262,105.2258065,3936,140.5714286,5836,188.2580645,7673,255.7666667,8100,261.2903226,32318,0,0,0,0,0
162,steep,5,South Steep,south,NA,big,yes,NA,mild,15,NA,NA,NA,NA,NA,NA,NA,NA,NA,73,26,46,2019,no,yes,27,19.291,95.424,29.698,43.912,15.487,41.884,245.696,3511,113.2580645,3262,105.2258065,3936,140.5714286,5836,188.2580645,7673,255.7666667,8100,261.2903226,32318,3,3,0,0,3
163,steep,5,South Steep,south,NA,big,no,NA,none,2,NA,NA,NA,NA,NA,NA,NA,NA,NA,87,46,73,2019,no,yes,0,19.291,95.424,29.698,43.912,15.487,41.884,245.696,3511,113.2580645,3262,105.2258065,3936,140.5714286,5836,188.2580645,7673,255.7666667,8100,261.2903226,32318,0,0,0,0,0
164,steep,4,South Steep,south,NA,small,no,NA,none,138,NA,NA,NA,NA,NA,NA,NA,NA,NA,73,13,46,2019,no,yes,27,19.291,95.424,29.698,43.912,15.487,41.884,245.696,3511,113.2580645,3262,105.2258065,3936,140.5714286,5836,188.2580645,7673,255.7666667,8100,261.2903226,32318,0,0,0,0,0
165,ridge,1,No.aspect Ridge,no aspect,NA,small,no,NA,none,0,NA,NA,NA,NA,NA,NA,NA,NA,NA,87,46,NA,2019,yes,yes,NA,19.291,95.424,29.698,43.912,15.487,41.884,245.696,3511,113.2580645,3262,105.2258065,3936,140.5714286,5836,188.2580645,7673,255.7666667,8100,261.2903226,32318,0,0,0,0,0
166,ridge,1,No.aspect Ridge,no aspect,NA,small,no,NA,none,0,NA,NA,NA,NA,NA,NA,NA,NA,NA,57,NA,NA,2019,yes,yes,NA,19.291,95.424,29.698,43.912,15.487,41.884,245.696,3511,113.2580645,3262,105.2258065,3936,140.5714286,5836,188.2580645,7673,255.7666667,8100,261.2903226,32318,0,0,0,0,0
167,steep,3,North Steep,north,NA,big,no,NA,none,40,NA,NA,NA,NA,NA,NA,NA,NA,NA,99,46,87,2019,yes,yes,NA,19.291,95.424,29.698,43.912,15.487,41.884,245.696,3511,113.2580645,3262,105.2258065,3936,140.5714286,5836,188.2580645,7673,255.7666667,8100,261.2903226,32318,0,0,0,0,0
168,steep,3,North Steep,north,NA,big,no,NA,none,2,NA,NA,NA,NA,NA,NA,NA,NA,NA,87,46,87,2019,yes,yes,NA,19.291,95.424,29.698,43.912,15.487,41.884,245.696,3511,113.2580645,3262,105.2258065,3936,140.5714286,5836,188.2580645,7673,255.7666667,8100,261.2903226,32318,0,0,0,0,0
169,steep,2,North Steep,north,NA,big,no,NA,none,0,NA,NA,NA,NA,NA,NA,NA,NA,NA,87,NA,NA,2019,no,yes,NA,19.291,95.424,29.698,43.912,15.487,41.884,245.696,3511,113.2580645,3262,105.2258065,3936,140.5714286,5836,188.2580645,7673,255.7666667,8100,261.2903226,32318,0,0,0,0,0
170,steep,2,North Steep,north,NA,big,yes,NA,severe,0,NA,NA,NA,NA,NA,NA,NA,NA,NA,87,46,NA,2019,no,yes,NA,19.291,95.424,29.698,43.912,15.487,41.884,245.696,3511,113.2580645,3262,105.2258065,3936,140.5714286,5836,188.2580645,7673,255.7666667,8100,261.2903226,32318,3,9,0,0,9
171,steep,1,North Steep,north,NA,big,yes,NA,mild,0,NA,NA,NA,NA,NA,NA,NA,NA,NA,87,57,NA,2019,no,yes,NA,19.291,95.424,29.698,43.912,15.487,41.884,245.696,3511,113.2580645,3262,105.2258065,3936,140.5714286,5836,188.2580645,7673,255.7666667,8100,261.2903226,32318,1,1,0,0,1
172,steep,1,North Steep,north,NA,big,no,NA,none,0,NA,NA,NA,NA,NA,NA,NA,NA,NA,87,46,NA,2019,no,yes,NA,19.291,95.424,29.698,43.912,15.487,41.884,245.696,3511,113.2580645,3262,105.2258065,3936,140.5714286,5836,188.2580645,7673,255.7666667,8100,261.2903226,32318,0,0,0,0,0
173,steep,1,North Steep,north,NA,small,yes,NA,moderate,0,NA,NA,NA,NA,NA,NA,NA,NA,NA,87,NA,NA,2019,no,yes,NA,19.291,95.424,29.698,43.912,15.487,41.884,245.696,3511,113.2580645,3262,105.2258065,3936,140.5714286,5836,188.2580645,7673,255.7666667,8100,261.2903226,32318,3,6,0,0,6
174,steep,1,North Steep,north,NA,small,yes,NA,moderate,11,NA,NA,NA,NA,NA,NA,NA,NA,NA,87,26,46,2019,no,yes,0,19.291,95.424,29.698,43.912,15.487,41.884,245.696,3511,113.2580645,3262,105.2258065,3936,140.5714286,5836,188.2580645,7673,255.7666667,8100,261.2903226,32318,2,4,0,0,4
175,steep,1,North Steep,north,NA,small,yes,NA,severe,2,NA,NA,NA,NA,NA,NA,NA,NA,NA,118,73,99,2019,no,yes,19,19.291,95.424,29.698,43.912,15.487,41.884,245.696,3511,113.2580645,3262,105.2258065,3936,140.5714286,5836,188.2580645,7673,255.7666667,8100,261.2903226,32318,2.25,9,0,0,9
176,swale,3,No.aspect Swale,no aspect,NA,big,no,NA,none,0,NA,NA,NA,NA,NA,NA,NA,NA,NA,74,NA,NA,2019,yes,yes,NA,19.291,95.424,29.698,43.912,15.487,41.884,245.696,3511,113.2580645,3262,105.2258065,3936,140.5714286,5836,188.2580645,7673,255.7666667,8100,261.2903226,32318,0,0,0,0,0
177,swale,3,No.aspect Swale,no aspect,NA,small,yes,NA,moderate,1,NA,NA,NA,NA,NA,NA,NA,NA,NA,120,67,94,2019,yes,yes,0,19.291,95.424,29.698,43.912,15.487,41.884,245.696,3511,113.2580645,3262,105.2258065,3936,140.5714286,5836,188.2580645,7673,255.7666667,8100,261.2903226,32318,0,0,2.5,5,5
178,swale,5,No.aspect Swale,no aspect,NA,small,yes,NA,mild,0,NA,NA,NA,NA,NA,NA,NA,NA,NA,74,NA,NA,2019,yes,yes,NA,19.291,95.424,29.698,43.912,15.487,41.884,245.696,3511,113.2580645,3262,105.2258065,3936,140.5714286,5836,188.2580645,7673,255.7666667,8100,261.2903226,32318,1,1,0,0,1
179,swale,5,No.aspect Swale,no aspect,NA,small,no,NA,none,0,NA,NA,NA,NA,NA,NA,NA,NA,NA,33,NA,NA,2019,yes,yes,NA,19.291,95.424,29.698,43.912,15.487,41.884,245.696,3511,113.2580645,3262,105.2258065,3936,140.5714286,5836,188.2580645,7673,255.7666667,8100,261.2903226,32318,0,0,0,0,0
180,steep,6,South Steep,south,NA,big,yes,NA,mild,0,NA,NA,NA,NA,NA,NA,NA,NA,NA,33,13,NA,2019,yes,yes,NA,19.291,95.424,29.698,43.912,15.487,41.884,245.696,3511,113.2580645,3262,105.2258065,3936,140.5714286,5836,188.2580645,7673,255.7666667,8100,261.2903226,32318,3,3,0,0,3
181,steep,5,South Steep,south,NA,big,no,NA,none,0,NA,NA,NA,NA,NA,NA,NA,NA,NA,33,NA,NA,2019,yes,yes,NA,19.291,95.424,29.698,43.912,15.487,41.884,245.696,3511,113.2580645,3262,105.2258065,3936,140.5714286,5836,188.2580645,7673,255.7666667,8100,261.2903226,32318,0,0,0,0,0
182,steep,5,South Steep,south,NA,big,no,NA,none,0,NA,NA,NA,NA,NA,NA,NA,NA,NA,33,NA,NA,2019,yes,yes,NA,19.291,95.424,29.698,43.912,15.487,41.884,245.696,3511,113.2580645,3262,105.2258065,3936,140.5714286,5836,188.2580645,7673,255.7666667,8100,261.2903226,32318,0,0,0,0,0
183,steep,5,South Steep,south,NA,big,no,NA,none,0,NA,NA,NA,NA,NA,NA,NA,NA,NA,33,NA,NA,2019,yes,yes,NA,19.291,95.424,29.698,43.912,15.487,41.884,245.696,3511,113.2580645,3262,105.2258065,3936,140.5714286,5836,188.2580645,7673,255.7666667,8100,261.2903226,32318,0,0,0,0,0
184,steep,4,South Steep,south,NA,small,no,NA,none,0,NA,NA,NA,NA,NA,NA,NA,NA,NA,33,33,NA,2019,yes,yes,NA,19.291,95.424,29.698,43.912,15.487,41.884,245.696,3511,113.2580645,3262,105.2258065,3936,140.5714286,5836,188.2580645,7673,255.7666667,8100,261.2903226,32318,0,0,0,0,0
185,ridge,1,No.aspect Ridge,no aspect,NA,small,yes,NA,severe,0,NA,NA,NA,NA,NA,NA,NA,NA,NA,74,33,NA,2019,no,yes,NA,19.291,95.424,29.698,43.912,15.487,41.884,245.696,3511,113.2580645,3262,105.2258065,3936,140.5714286,5836,188.2580645,7673,255.7666667,8100,261.2903226,32318,2.5,10,0,0,10
186,steep,1,North Steep,north,NA,small,yes,NA,mild,0,NA,NA,NA,NA,NA,NA,NA,NA,NA,60,33,NA,2019,no,yes,NA,19.291,95.424,29.698,43.912,15.487,41.884,245.696,3511,113.2580645,3262,105.2258065,3936,140.5714286,5836,188.2580645,7673,255.7666667,8100,261.2903226,32318,1,2,0,0,2
187,steep,1,North Steep,north,NA,big,yes,NA,moderate,12,NA,NA,NA,NA,NA,NA,NA,NA,NA,74,33,60,2019,no,yes,14,19.291,95.424,29.698,43.912,15.487,41.884,245.696,3511,113.2580645,3262,105.2258065,3936,140.5714286,5836,188.2580645,7673,255.7666667,8100,261.2903226,32318,1,2,2,2,4
188,steep,1,North Steep,north,NA,big,yes,NA,mild,0,NA,NA,NA,NA,NA,NA,NA,NA,NA,44,NA,NA,2019,no,yes,NA,19.291,95.424,29.698,43.912,15.487,41.884,245.696,3511,113.2580645,3262,105.2258065,3936,140.5714286,5836,188.2580645,7673,255.7666667,8100,261.2903226,32318,1,2,0,0,2
189,steep,1,North Steep,north,NA,big,yes,NA,moderate,0,NA,NA,NA,NA,NA,NA,NA,NA,NA,44,44,NA,2019,no,yes,NA,19.291,95.424,29.698,43.912,15.487,41.884,245.696,3511,113.2580645,3262,105.2258065,3936,140.5714286,5836,188.2580645,7673,255.7666667,8100,261.2903226,32318,3,6,0,0,6
190,gentle,3,South Gentle,south,NA,big,no,NA,none,0,NA,NA,NA,NA,NA,NA,NA,NA,NA,31,NA,NA,2019,yes,no,NA,19.291,95.424,29.698,43.912,15.487,41.884,245.696,3511,113.2580645,3262,105.2258065,3936,140.5714286,5836,188.2580645,7673,255.7666667,8100,261.2903226,32318,0,0,0,0,0
191,swale,5,No.aspect Swale,no aspect,NA,small,no,NA,none,0,NA,NA,NA,NA,NA,NA,NA,NA,NA,0,NA,NA,2019,yes,yes,NA,19.291,95.424,29.698,43.912,15.487,41.884,245.696,3511,113.2580645,3262,105.2258065,3936,140.5714286,5836,188.2580645,7673,255.7666667,8100,261.2903226,32318,0,0,0,0,0
192,swale,5,No.aspect Swale,no aspect,NA,small,yes,NA,mild,11,NA,NA,NA,NA,NA,NA,NA,NA,NA,61,20,61,2019,yes,yes,0,19.291,95.424,29.698,43.912,15.487,41.884,245.696,3511,113.2580645,3262,105.2258065,3936,140.5714286,5836,188.2580645,7673,255.7666667,8100,261.2903226,32318,1,1,0,0,1
193,steep,6,South Steep,south,NA,big,no,NA,none,0,NA,NA,NA,NA,NA,NA,NA,NA,NA,0,NA,NA,2019,yes,yes,NA,19.291,95.424,29.698,43.912,15.487,41.884,245.696,3511,113.2580645,3262,105.2258065,3936,140.5714286,5836,188.2580645,7673,255.7666667,8100,261.2903226,32318,0,0,0,0,0
194,steep,5,South Steep,south,NA,big,no,NA,none,9,NA,NA,NA,NA,NA,NA,NA,NA,NA,20,0,47,2019,yes,yes,0,19.291,95.424,29.698,43.912,15.487,41.884,245.696,3511,113.2580645,3262,105.2258065,3936,140.5714286,5836,188.2580645,7673,255.7666667,8100,261.2903226,32318,0,0,0,0,0
195,steep,1,North Steep,north,NA,big,yes,NA,mild,0,NA,NA,NA,NA,NA,NA,NA,NA,NA,31,NA,NA,2019,no,yes,NA,19.291,95.424,29.698,43.912,15.487,41.884,245.696,3511,113.2580645,3262,105.2258065,3936,140.5714286,5836,188.2580645,7673,255.7666667,8100,261.2903226,32318,1,1,0,0,1
